"species","AI","BM","KY","MS","TC","VG","origin"
"Abelmoschus moschatus",0,0,0,0,0,0,"gbif"
"Abutilon grandifolium",0,0,0,0,0,0,"danielle"
"Abies lasiocarpa",0,0,0,0,0,0,"gbif"
"Abrus precatorius",1,0,1,1,1,1,"gbif"
"Abrus precatorius",0,0,0,0,0,0,"caribdb"
"Abutilon theophrasti",0,1,0,0,0,0,"gbif"
"Acacia auriculiformis",0,0,0,0,0,0,"caribdb"
"Acacia confusa",0,0,0,0,0,0,"danielle"
"Acacia dealbata",0,1,0,0,0,0,"gbif"
"Acacia decurrens",0,0,0,0,0,0,"gbif"
"Acacia farnesiana",0,0,0,0,0,0,"caribdb"
"Acacia longifolia",0,0,0,0,0,0,"gbif"
"Acacia mangium",0,0,0,0,0,0,"gbif"
"Acacia mangium",0,0,0,0,0,0,"caribdb"
"Acacia mearnsii",0,0,0,0,0,0,"gbif"
"Acacia nilotica",1,0,0,0,0,0,"caribdb"
"Acacia retinodes",0,0,0,0,0,0,"gbif"
"Acacia verticillata",0,0,0,0,0,0,"gbif"
"Acaena ovalifolia",0,0,0,0,0,0,"gbif"
"Acalypha alopecuroidea",0,0,1,0,0,0,"gbif"
"Acanthospermum australe",0,0,0,0,0,0,"gbif"
"Acanthospermum hispidum",0,0,0,1,0,1,"gbif"
"Acanthus mollis",0,0,0,0,0,0,"gbif"
"Acer negundo",0,0,0,0,0,0,"gbif"
"Acer platanoides",0,0,0,0,0,0,"gbif"
"Acer pseudoplatanus",0,0,0,0,0,0,"gbif"
"Acer saccharum",0,0,0,0,0,0,"gbif"
"Achillea millefolium",0,0,0,0,0,0,"gbif"
"Achyranthes aspera",1,0,1,1,1,1,"gbif"
"Achyranthes sicula",0,0,0,0,0,0,"gbif"
"Aconitum napellus",0,0,0,0,0,0,"gbif"
"Acroceras zizanioides",0,0,0,0,0,0,"gbif"
"Adenanthera pavonina",1,1,0,1,0,1,"gbif"
"Adenanthera pavonina",0,0,0,0,0,0,"caribdb"
"Adiantum hispidulum",0,0,0,0,0,0,"danielle"
"Adiantum raddianum",0,0,0,0,0,0,"danielle"
"Adiantum tenerum",0,0,0,0,0,0,"danielle"
"Aegilops triuncialis",0,0,0,0,0,0,"gbif"
"Aeschynomene americana",0,0,0,0,0,1,"gbif"
"Aeschynomene indica",0,0,0,0,0,0,"gbif"
"Aeschynomene rudis",0,0,0,0,0,0,"gbif"
"Aeschynomene villosa",0,0,0,1,0,0,"gbif"
"Aeschynomene virginica",0,0,0,0,0,0,"gbif"
"Aesculus glabra",0,0,0,0,0,0,"gbif"
"Aesculus hippocastanum",0,0,0,0,0,0,"gbif"
"Agapanthus praecox",0,0,0,0,0,0,"gbif"
"Agave americana",0,0,0,0,0,0,"gbif"
"Agave attenuata",0,0,0,0,0,0,"gbif"
"Agave sisalana",0,1,0,0,1,0,"gbif"
"Agave vivipara",1,0,0,0,0,0,"gbif"
"Ageratina adenophora",0,0,0,0,0,0,"caribdb"
"Ageratum conyzoides",1,0,0,1,1,1,"gbif"
"Ageratum houstonianum",0,0,0,0,0,0,"gbif"
"Agrimonia gryposepala",0,0,0,0,0,0,"gbif"
"Agrostis capillaris",0,0,0,0,0,0,"gbif"
"Agrostis gigantea",0,0,0,0,0,0,"gbif"
"Agrostis scabra",0,0,0,0,0,0,"gbif"
"Agrostis stolonifera",0,0,0,0,0,0,"gbif"
"Ailanthus altissima",0,0,0,0,0,0,"gbif"
"Aira praecox",0,0,0,0,0,0,"gbif"
"Ajuga reptans",0,0,0,0,0,0,"gbif"
"Albizia julibrissin",0,0,0,0,0,0,"gbif"
"Albizia lebbeck",1,1,0,0,0,0,"gbif"
"Albizia lebbeck",0,1,0,0,0,0,"caribdb"
"Albizia procera",0,0,0,0,0,0,"caribdb"
"Alcea rosea",0,1,0,0,0,0,"gbif"
"Aleurites fordii",0,0,0,0,0,0,"caribdb"
"Aleurites moluccana",0,0,0,0,0,0,"caribdb"
"Allamanda blanchetii",0,0,0,0,0,0,"danielle"
"Allamanda cathartica",0,1,1,1,0,1,"gbif"
"Allionia incarnata",0,0,0,0,0,0,"gbif"
"Allium ampeloprasum",0,0,0,0,0,0,"gbif"
"Allium canadense",0,0,0,0,0,0,"gbif"
"Allium cepa",0,0,0,0,0,0,"gbif"
"Alnus glutinosa",0,0,0,0,0,0,"gbif"
"Aloe arborescens",0,0,0,0,0,0,"gbif"
"Aloe vera",0,0,0,0,0,0,"danielle"
"Alopecurus aequalis",0,0,0,0,0,0,"gbif"
"Alopecurus geniculatus",0,0,0,0,0,0,"gbif"
"Alopecurus pratensis",0,0,0,0,0,0,"gbif"
"Aloysia citriodora",0,0,0,0,0,0,"danielle"
"Alpinia allughas",0,0,0,0,0,0,"caribdb"
"Alpinia mutica",0,0,0,0,0,0,"danielle"
"Alpinia purpurata",0,0,0,0,0,0,"danielle"
"Alstonia macrophylla",0,0,0,0,0,0,"danielle"
"Alstroemeria aurea",0,0,0,0,0,0,"gbif"
"Alternanthera philoxeroides",0,0,0,0,0,0,"caribdb"
"Alternanthera pungens",0,0,0,0,0,0,"gbif"
"Alysicarpus vaginalis",0,0,0,0,0,0,"caribdb"
"Amaranthus albus",0,0,0,0,0,0,"gbif"
"Amaranthus bouchonii",0,0,0,0,0,0,"gbif"
"Amaranthus caudatus",1,0,0,0,0,0,"gbif"
"Amaranthus cruentus",1,0,0,0,0,0,"gbif"
"Amaranthus deflexus",0,0,0,0,0,0,"gbif"
"Amaranthus dubius",1,0,1,0,0,0,"gbif"
"Amaranthus hybridus",0,1,0,0,1,0,"gbif"
"Amaranthus retroflexus",0,0,0,0,0,0,"gbif"
"Amaranthus spinosus",1,0,0,1,0,1,"gbif"
"Amaranthus thunbergii",0,0,0,0,0,0,"gbif"
"Amaranthus tricolor",0,0,0,0,0,1,"gbif"
"Amaryllis belladonna",1,1,0,0,0,0,"gbif"
"Ambrosia artemisiifolia",1,1,0,0,0,0,"gbif"
"Ambrosia confertiflora",0,0,0,0,0,0,"gbif"
"Ambrosia psilostachya",0,0,0,0,0,0,"gbif"
"Ambrosia tenuifolia",0,0,0,0,0,0,"gbif"
"Ammannia auriculata",0,0,0,0,0,0,"gbif"
"Ammannia baccifera",0,0,0,0,0,0,"gbif"
"Ammannia coccinea",1,0,0,0,1,1,"gbif"
"Ammi majus",0,1,0,0,0,0,"gbif"
"Anacardium occidentale",1,0,0,1,0,1,"gbif"
"Ananas comosus",0,0,0,0,0,1,"gbif"
"Anchusa officinalis",0,0,0,0,0,0,"gbif"
"Andropogon bicornis",0,0,0,1,0,1,"gbif"
"Andropogon distachyos",0,0,0,0,0,0,"gbif"
"Andropogon gayanus",0,0,0,0,0,0,"gbif"
"Andropogon glomeratus",0,1,1,0,1,0,"gbif"
"Andropogon lateralis",0,0,0,0,0,0,"gbif"
"Andropogon ternarius",0,0,0,0,0,0,"gbif"
"Andropogon virginicus",0,1,0,0,0,0,"gbif"
"Anethum graveolens",0,0,0,0,1,0,"gbif"
"Angiopteris evecta",0,0,0,0,0,0,"danielle"
"Annona glabra",1,0,0,1,0,1,"gbif"
"Annona reticulata",0,0,1,1,0,0,"gbif"
"Annona squamosa",1,1,1,1,0,1,"gbif"
"Anoda cristata",0,0,0,0,0,0,"gbif"
"Anredera cordifolia",0,1,0,0,0,0,"gbif"
"Anredera cordifolia",0,0,0,0,0,0,"caribdb"
"Anthemis arvensis",0,0,0,0,0,0,"gbif"
"Anthemis cotula",0,1,0,0,0,0,"gbif"
"Anthoxanthum odoratum",0,0,0,0,0,0,"gbif"
"Antigonon leptopus",0,0,1,1,0,0,"gbif"
"Antigonon leptopus",0,0,1,0,0,0,"caribdb"
"Aphanes arvensis",0,0,0,0,0,0,"gbif"
"Apium graveolens",0,1,0,0,0,0,"gbif"
"Apocynum androsaemifolium",0,0,0,0,0,0,"gbif"
"Aquilegia vulgaris",0,1,0,0,0,0,"gbif"
"Arabidopsis thaliana",0,0,0,0,0,0,"gbif"
"Arachis hypogaea",1,0,0,0,0,0,"gbif"
"Araucaria columnaris",0,0,0,0,0,0,"danielle"
"Araucaria heterophylla",0,1,0,0,0,0,"gbif"
"Archontophoenix alexandrae",0,0,0,0,0,0,"danielle"
"Arctostaphylos pungens",0,0,0,0,0,0,"gbif"
"Arctotheca calendula",0,0,0,0,0,0,"gbif"
"Ardisia crenata",0,0,0,0,0,0,"gbif"
"Ardisia elliptica",0,1,0,0,0,0,"gbif"
"Ardisia solanacea",0,0,0,0,0,0,"caribdb"
"Arenga pinnata",0,0,0,0,0,0,"danielle"
"Argemone mexicana",1,1,1,0,1,1,"gbif"
"Argemone ochroleuca",0,0,0,0,0,0,"gbif"
"Aristea ecklonii",0,0,0,0,0,0,"gbif"
"Aristida purpurascens",0,0,0,0,0,0,"gbif"
"Aristolochia elegans",0,1,0,0,0,0,"gbif"
"Aristolochia littoralis",0,0,0,0,0,0,"danielle"
"Aristolochia ringens",0,0,0,0,0,0,"gbif"
"Artabotrys hexapetalus",0,0,0,0,0,0,"danielle"
"Artemisia absinthium",0,0,0,0,0,0,"gbif"
"Artemisia californica",0,0,0,0,0,0,"gbif"
"Artemisia ludoviciana",0,0,0,0,0,0,"gbif"
"Artemisia vulgaris",0,0,0,0,0,0,"gbif"
"Arthraxon hispidus",0,0,0,0,0,0,"gbif"
"Arthrostemma ciliatum",0,0,0,0,0,0,"danielle"
"Artocarpus altilis",1,0,1,1,0,0,"gbif"
"Artocarpus altilis",0,0,0,0,0,0,"caribdb"
"Arundina graminifolia",0,0,0,0,0,0,"danielle"
"Arundo donax",0,1,0,0,0,0,"gbif"
"Arundo donax",0,1,0,0,0,0,"caribdb"
"Asclepias curassavica",1,1,1,1,1,0,"gbif"
"Asclepias incarnata",0,0,0,0,0,0,"gbif"
"Asclepias syriaca",0,1,0,0,0,0,"gbif"
"Asparagus africanus",0,1,0,0,0,0,"gbif"
"Asparagus densiflorus",0,1,0,0,0,0,"gbif"
"Asparagus densiflorus",0,1,0,0,0,0,"caribdb"
"Asparagus officinalis",0,0,0,0,0,0,"gbif"
"Asparagus plumosus",0,0,0,0,0,0,"gbif"
"Asparagus setaceus",0,1,0,0,0,0,"gbif"
"Aster amellus",0,0,0,0,0,0,"gbif"
"Astragalus garbancillo",0,0,0,0,0,0,"gbif"
"Asystasia gangetica",0,0,0,0,0,0,"danielle"
"Atriplex hortensis",0,0,0,0,0,0,"gbif"
"Atriplex patula",0,0,0,0,0,0,"gbif"
"Atriplex rosea",0,0,0,0,0,0,"gbif"
"Avena barbata",0,0,1,0,0,0,"gbif"
"Avena fatua",0,1,0,0,0,0,"gbif"
"Avena sativa",0,1,0,0,0,0,"gbif"
"Avena sterilis",0,0,1,0,0,0,"gbif"
"Avena strigosa",0,0,0,0,0,0,"gbif"
"Avicennia nitida",0,0,0,0,0,0,"gbif"
"Axonopus fissifolius",0,0,0,0,0,0,"gbif"
"Azadirachta indica",0,0,0,0,0,0,"caribdb"
"Azolla caroliniana",0,0,0,0,0,0,"gbif"
"Azolla filiculoides",0,0,0,0,0,0,"gbif"
"Baccharis halimifolia",0,0,0,0,0,0,"gbif"
"Baccharis salicifolia",0,0,0,0,0,0,"gbif"
"Baltimora recta",0,0,0,0,0,0,"gbif"
"Bambusa balcooa",0,0,0,0,0,0,"gbif"
"Bambusa vulgaris",0,0,0,0,0,0,"caribdb"
"Barbarea verna",0,0,0,0,0,0,"gbif"
"Barleria cristata",0,0,0,0,0,0,"gbif"
"Barleria lupulina",1,1,0,0,0,0,"gbif"
"Barleria prionitis",0,0,0,0,0,0,"gbif"
"Barleria repens",0,0,0,0,0,0,"danielle"
"Barleria strigosa",1,0,0,0,0,0,"gbif"
"Barringtonia asiatica",0,0,0,0,0,0,"gbif"
"Barringtonia asiatica",0,0,0,0,0,0,"caribdb"
"Basella alba",0,0,0,0,0,0,"gbif"
"Basilicum polystachyon",0,0,0,0,0,0,"gbif"
"Bauhinia monandra",0,1,1,0,0,0,"gbif"
"Bauhinia monandra",0,0,0,0,0,0,"caribdb"
"Bauhinia pupurea",0,0,0,0,0,0,"danielle"
"Bauhinia variegata",0,0,0,0,0,0,"gbif"
"Bauhinia variegata",0,0,0,0,0,0,"caribdb"
"Begonia cucullata",0,0,0,0,0,0,"danielle"
"Begonia foliosa",0,0,0,0,0,0,"danielle"
"Begonia hirtella",0,0,0,0,0,0,"danielle"
"Begonia vitifolia",0,0,0,0,0,0,"danielle"
"Bellis perennis",1,0,0,0,0,0,"gbif"
"Berberis vulgaris",0,1,0,0,0,0,"gbif"
"Bergia capensis",0,0,0,0,0,0,"gbif"
"Bertholettia excelsa",0,0,0,0,0,0,"caribdb"
"Berula erecta",0,0,0,0,0,0,"gbif"
"Beta vulgaris",0,0,0,0,0,0,"gbif"
"Betula nigra",0,0,0,0,0,0,"gbif"
"Betula pendula",0,0,0,0,0,0,"gbif"
"Bidens aurea",0,0,0,0,0,0,"gbif"
"Bidens bipinnata",1,0,0,0,0,0,"gbif"
"Bidens pilosa",1,1,1,1,1,0,"gbif"
"Bidens subalternans",0,0,0,0,0,0,"gbif"
"Bidens tripartita",0,0,0,0,0,0,"gbif"
"Bischofia javanica",0,1,0,0,0,0,"gbif"
"Bixa orellana",1,0,0,1,0,0,"gbif"
"Blechnum occidentale",0,0,0,1,0,0,"danielle"
"Boerhavia coccinea",1,0,1,1,0,0,"gbif"
"Boerhavia diffusa",1,0,1,0,1,1,"gbif"
"Boerhavia erecta",1,1,1,1,1,0,"gbif"
"Borago officinalis",0,1,0,0,0,0,"gbif"
"Bothriochloa pertusa",1,0,1,0,0,0,"caribdb"
"Bougainvillea glabra",1,1,1,0,0,0,"gbif"
"Boussingaultia leptostachys",0,0,0,0,0,0,"caribdb"
"Bouteloua aristidoides",0,0,0,0,0,0,"gbif"
"Bouteloua barbata",0,0,0,0,0,0,"gbif"
"Bowlesia incana",0,0,0,0,0,0,"gbif"
"Brachiara decumbens",0,0,0,0,0,0,"caribdb"
"Brachiaria arracta",0,0,0,0,0,0,"caribdb"
"Brachiaria eruciformis",0,0,0,0,0,0,"gbif"
"Brassica juncea",0,1,0,1,0,0,"gbif"
"Brassica napus",0,0,0,0,0,0,"gbif"
"Brassica oleracea",0,1,0,0,0,0,"gbif"
"Brassica rapa",0,0,0,0,0,0,"gbif"
"Brexia madagascariensis",0,0,0,0,0,0,"danielle"
"Breynia disticha",0,0,0,0,0,0,"danielle"
"Briza maxima",0,1,0,0,0,0,"gbif"
"Briza media",0,0,0,0,0,0,"gbif"
"Briza minor",0,1,0,0,0,0,"gbif"
"Bromus alopecuros",0,0,0,0,0,0,"gbif"
"Bromus catharticus",0,1,0,0,0,0,"gbif"
"Bromus diandrus",0,0,0,0,0,0,"gbif"
"Bromus inermis",0,0,0,0,0,0,"gbif"
"Bromus japonicus",0,0,0,0,0,0,"gbif"
"Bromus lanceolatus",0,0,0,0,0,0,"gbif"
"Bromus madritensis",0,0,0,0,0,0,"gbif"
"Bromus madritensis",0,0,0,0,0,1,"caribdb"
"Bromus rigidus",0,0,0,0,0,0,"gbif"
"Bromus rigidus",0,0,0,0,0,1,"caribdb"
"Bromus secalinus",0,0,0,0,0,0,"gbif"
"Bromus squarrosus",0,0,0,0,0,0,"gbif"
"Bromus sterilis",0,0,0,0,0,0,"gbif"
"Bromus tectorum",0,0,0,0,0,0,"gbif"
"Bromus tectorum",0,0,0,0,0,0,"caribdb"
"Browallia americana",0,0,0,0,0,0,"gbif"
"Brugmansia ×candida",0,0,0,0,0,0,"danielle"
"Bryophyllum daigremontianum",0,0,0,0,0,0,"danielle"
"Bryophyllum fedtschenkoi",0,0,0,0,0,0,"danielle"
"Bryophyllum pinnatum",0,0,0,0,0,0,"danielle"
"Bryophyllum tubiflorum",0,0,0,0,0,0,"danielle"
"Buddleja davidii",0,0,0,0,0,0,"gbif"
"Buddleja davidii",0,0,0,0,0,0,"caribdb"
"Buddleja lindleyana",0,0,0,0,0,0,"gbif"
"Buddleja madagascariensis",0,1,0,0,0,0,"gbif"
"Bupleurum rotundifolium",0,0,0,0,0,0,"gbif"
"Caesalpinia bonduc",1,1,1,1,1,0,"gbif"
"Caesalpinia decapetala",0,0,0,0,0,0,"gbif"
"Caesalpinia gilliesii",0,0,0,0,0,0,"danielle"
"Caesalpinia pulcherrima",1,1,1,1,0,0,"gbif"
"Cajanus cajan",0,0,0,0,0,0,"danielle"
"Calathea picturata",0,0,0,0,0,0,"danielle"
"Callisia fragrans",0,0,0,0,0,0,"danielle"
"Calceolaria tripartita",0,0,0,0,0,0,"gbif"
"Calendula officinalis",0,0,0,0,0,0,"gbif"
"Calliandra calothyrsus",0,0,0,0,0,0,"caribdb"
"Calliandra surinamensis",0,0,0,1,0,0,"gbif"
"Callicarpa americana",0,1,0,0,0,0,"gbif"
"Callinectes sapidus",0,0,0,0,0,0,"caribdb"
"Callisia fragrans",0,0,0,0,0,1,"gbif"
"Callitriche stagnalis",0,0,0,0,0,0,"gbif"
"Calluna vulgaris",0,0,0,0,0,0,"gbif"
"Calophyllum inophyllum",0,0,0,0,0,0,"danielle"
"Calopogonium mucunoides",0,0,0,1,0,0,"gbif"
"Calotropis grandiflora",0,0,0,1,0,0,"danielle"
"Calotropis procera",0,0,0,1,0,0,"caribdb"
"Caltha palustris",0,0,0,0,0,0,"gbif"
"Calyptocarpus vialis",0,0,0,0,0,0,"gbif"
"Campanula rapunculoides",0,0,0,0,0,0,"gbif"
"Campanula rotundifolia",0,0,0,0,0,0,"gbif"
"Canavalia cathartica",0,0,0,0,0,0,"danielle"
"Canavalia sericea",0,0,0,0,0,0,"danielle"
"Canna indica",1,1,0,0,0,0,"gbif"
"Cannabis sativa",0,0,0,0,0,0,"gbif"
"Canotia holacantha",0,0,0,0,0,0,"gbif"
"Capsicum annuum",0,1,1,1,1,1,"gbif"
"Capsicum frutescens",0,1,0,1,0,1,"gbif"
"Caragana arborescens",0,0,0,0,0,0,"gbif"
"Cardamine flexuosa",0,0,0,0,0,0,"gbif"
"Cardamine flexuosa",0,0,0,0,0,0,"caribdb"
"Cardamine hirsuta",0,0,0,0,0,0,"gbif"
"Cardamine pensylvanica",0,0,0,0,0,0,"gbif"
"Cardiospermum grandiflorum",1,1,0,0,0,0,"gbif"
"Cardiospermum halicacabum",0,0,1,0,1,0,"gbif"
"Carduus nutans",0,0,0,0,0,0,"gbif"
"Carex divulsa",0,0,0,0,0,0,"gbif"
"Carex flacca",0,0,0,0,0,0,"gbif"
"Carex lupulina",0,0,0,0,0,0,"gbif"
"Carica papaya",0,1,0,1,1,0,"gbif"
"Carmona retusa",0,0,0,0,0,0,"danielle"
"Carpinus caroliniana",0,0,0,0,0,0,"gbif"
"Carthamus tinctorius",0,0,0,0,0,1,"gbif"
"Carum carvi",0,0,0,0,0,0,"gbif"
"Caryota mitis",0,0,0,0,0,0,"gbif"
"Caryota urens",0,0,0,0,0,0,"danielle"
"Cassia fistula",1,1,0,0,0,0,"gbif"
"Cassia javanica",0,1,0,0,0,0,"gbif"
"Cassia javanica",0,0,0,0,0,0,"caribdb"
"Cassytha filiformis",1,0,1,0,1,0,"gbif"
"Castilla elastica",0,0,0,0,0,0,"gbif"
"Casuarina cristata",0,0,0,0,0,0,"gbif"
"Casuarina cunninghamiana",0,0,0,0,0,0,"gbif"
"Casuarina equisetifolia",1,1,1,0,1,1,"gbif"
"Casuarina glauca",0,0,0,0,0,0,"danielle"
"Catharanthus roseus",0,0,0,0,0,0,"danielle"
"Ceanothus thyrsiflorus",0,0,0,0,0,0,"gbif"
"Cecropia obtusifolia",0,0,0,0,0,0,"danielle"
"Cecropia peltata",1,0,0,0,0,0,"gbif"
"Cedrela odorata",0,1,1,1,0,0,"gbif"
"Celosia argentea",1,0,0,0,0,0,"gbif"
"Celosia cristata",0,0,0,0,0,0,"gbif"
"Celosia trigyna",0,0,0,0,0,0,"gbif"
"Celtis australis",0,0,0,0,0,0,"gbif"
"Celtis laevigata",0,1,0,0,0,0,"gbif"
"Cenchrus biflorus",0,0,0,0,0,0,"gbif"
"Cenchrus brownii",0,0,1,0,1,0,"gbif"
"Cenchrus caliculatus",0,0,0,0,0,0,"gbif"
"Cenchrus ciliaris",0,0,0,0,0,0,"gbif"
"Cenchrus echinatus",1,1,1,1,1,1,"gbif"
"Cenchrus gracillimus",1,0,0,0,1,0,"gbif"
"Cenchrus tribuloides",0,1,1,0,1,0,"gbif"
"Centaurea cineraria",0,0,0,0,0,0,"gbif"
"Centaurea cyanus",0,0,0,0,0,0,"gbif"
"Centaurea diffusa",0,0,0,0,0,0,"gbif"
"Centaurium erythraea",0,0,0,0,0,0,"gbif"
"Centaurium pulchellum",0,1,0,0,0,0,"gbif"
"Centranthus macrosiphon",0,1,0,0,0,0,"gbif"
"Centratherum punctatum",0,0,0,0,0,1,"gbif"
"Centrosema pascuorum",0,0,0,0,0,0,"gbif"
"Centrosema pubescens",1,0,0,0,0,0,"gbif"
"Cephalanthus occidentalis",0,0,0,0,0,0,"gbif"
"Cerastium arvense",0,0,0,0,0,0,"gbif"
"Cerastium fontanum",0,0,0,0,0,0,"gbif"
"Cerastium glomeratum",0,1,0,0,0,0,"gbif"
"Ceratonia siliqua",0,0,0,0,0,0,"gbif"
"Ceratophyllum demersum",0,0,0,0,0,0,"gbif"
"Ceratopteris pteridoides",0,0,0,0,0,0,"gbif"
"Ceratopteris thalictroides",0,0,0,0,0,0,"gbif"
"Cercis canadensis",0,0,0,0,0,0,"gbif"
"Cercis siliquastrum",0,1,0,0,0,0,"gbif"
"Cereus jamacaru",0,0,0,0,0,0,"gbif"
"Cereus uruguayanus",0,0,0,0,0,0,"danielle"
"Cestrum aurantiacum",0,0,0,0,0,0,"gbif"
"Cestrum diurnum",0,0,1,0,0,1,"gbif"
"Cestrum laevigatum",0,0,0,0,0,0,"gbif"
"Cestrum nocturnum",0,1,0,0,0,0,"gbif"
"Chamaecrista rotundifolia",0,0,0,0,0,0,"gbif"
"Chamaedorea cataractarum",0,0,0,0,0,0,"danielle"
"Chamaedorea seifrizii",0,0,0,0,0,0,"danielle"
"Chelidonium majus",0,0,0,0,0,0,"gbif"
"Chenopodium album",1,0,1,1,1,1,"gbif"
"Chenopodium berlandieri",0,0,0,0,0,0,"gbif"
"Cherax quadricarinatus",0,0,0,0,0,0,"caribdb"
"Chloris gayana",0,0,0,0,0,0,"gbif"
"Chloris virgata",1,0,0,0,0,0,"gbif"
"Chlorophytum comosum",0,0,0,0,0,0,"gbif"
"Choisya ternata",0,0,0,0,0,0,"gbif"
"Chrysophyllum cainito",0,0,0,0,0,0,"danielle"
"Chrysophyllum mexicanum",0,0,0,0,0,0,"danielle"
"Chrysophyllum oliviforme",0,0,0,0,0,0,"danielle"
"Chrysopogon aciculatus",0,0,0,0,0,0,"gbif"
"Cicer arietinum",0,0,0,0,0,0,"gbif"
"Cichorium endivia",0,0,0,0,0,0,"gbif"
"Cichorium intybus",0,1,0,0,0,0,"gbif"
"Cicuta maculata",0,0,0,0,0,0,"gbif"
"Cinchona pubescens",0,0,0,0,0,0,"danielle"
"Cinnamomum burmanii",0,0,0,0,0,0,"danielle"
"Cinnamomum camphora",0,0,0,0,0,0,"caribdb"
"Cinnamomum zeylanicum",0,0,0,0,0,0,"caribdb"
"Cirsium arvense",0,0,0,0,0,0,"gbif"
"Cirsium horridulum",0,0,0,0,0,0,"gbif"
"Cirsium vulgare",0,0,0,0,0,0,"gbif"
"Cissampelos pareira",0,0,1,1,0,0,"gbif"
"Cissus incisa",0,0,0,0,0,0,"gbif"
"Cissus nodosa",0,0,0,0,0,0,"danielle"
"Cissus quadrangularis",0,0,0,0,0,0,"danielle"
"Cissus rotundifolia",0,0,0,0,0,0,"danielle"
"Citharexylum caudatum",0,0,0,0,0,0,"danielle"
"Citharexylum spinosum",1,1,1,1,1,1,"gbif"
"Citrullus lanatus",0,0,1,0,0,0,"gbif"
"Citrus aurantiifolia",1,0,0,1,0,0,"gbif"
"Citrus aurantium",1,1,0,0,1,0,"gbif"
"Citrus medica",0,1,0,1,0,0,"gbif"
"Cladium mariscus",0,1,1,0,1,0,"gbif"
"Clematis virginiana",0,0,0,0,0,0,"gbif"
"Clematis vitalba",0,0,0,0,0,0,"gbif"
"Cleome gynandra",0,0,0,0,0,0,"caribdb"
"Cleome rutidosperma",0,0,0,0,0,1,"gbif"
"Cleome viscosa",0,0,0,0,0,0,"caribdb"
"Clerodendrum buchanani",0,0,0,0,0,0,"danielle"
"Clerodendrum macrostegium",0,0,0,0,0,0,"danielle"
"Clerodendrum paniculatum",0,0,0,0,0,0,"gbif"
"Clerodendrum quadriloculare",0,0,0,0,0,0,"danielle"
"Clerodendrum thomsoniae",0,1,0,0,0,0,"gbif"
"Clitoria fairchildiana",0,0,0,0,0,0,"caribdb"
"Clitoria laurifolia",0,0,0,0,0,0,"gbif"
"Clitoria ternatea",1,0,1,1,0,1,"gbif"
"Clusia rosea",0,0,0,0,0,0,"danielle"
"Cobaea scandens",0,0,0,0,0,0,"gbif"
"Coccinia grandis",0,0,0,0,0,0,"danielle"
"Coccoloba acapulcensis",0,0,0,0,0,0,"gbif"
"Coccoloba uvifera",0,0,0,0,0,0,"danielle"
"Cocos nucifera",1,0,0,0,1,1,"gbif"
"Coffea arabica",1,1,0,0,0,0,"gbif"
"Coffea arabica",0,0,0,0,0,0,"caribdb"
"Coffea liberica",0,0,0,0,0,0,"danielle"
"Colchicum autumnale",0,0,0,0,0,0,"gbif"
"Colubrina asiatica",0,0,1,0,0,0,"caribdb"
"Combretum paniculatum",0,0,0,0,0,0,"gbif"
"Commelina benghalensis",0,0,0,0,0,0,"gbif"
"Commelina communis",1,0,0,0,0,0,"gbif"
"Commelina subulata",0,0,0,0,0,0,"gbif"
"Conium maculatum",0,0,0,0,0,0,"gbif"
"Conocarpus erecta",0,0,0,0,0,0,"danielle"
"Convolvulus arvensis",0,0,0,0,0,0,"gbif"
"Corchorus aestuans",0,0,0,0,1,1,"gbif"
"Corchorus olitorius",0,0,0,0,0,0,"gbif"
"Cordia dichotoma",0,0,0,0,0,0,"danielle"
"Cordia sebestena",1,1,1,1,1,1,"gbif"
"Coreopsis lanceolata",0,1,0,0,0,0,"gbif"
"Coreopsis tinctoria",0,0,0,0,0,0,"gbif"
"Coriandrum sativum",0,0,0,0,0,0,"gbif"
"Cornus florida",0,0,0,0,0,0,"gbif"
"Cortaderia jubata",0,0,0,0,0,0,"danielle"
"Cortaderia selloana",0,0,0,0,0,0,"danielle"
"Cosmos bipinnatus",0,0,0,0,0,0,"gbif"
"Cosmos caudatus",1,0,1,1,0,1,"gbif"
"Cosmos sulphureus",0,0,0,1,0,0,"gbif"
"Costus pulverulentus",0,0,0,0,0,0,"danielle"
"Costus speciosus",0,0,0,0,0,0,"danielle"
"Cotoneaster franchetii",0,0,0,0,0,0,"gbif"
"Cotoneaster pannosus",0,0,0,0,0,0,"gbif"
"Cotula coronopifolia",0,0,0,0,0,0,"gbif"
"Crassula multicava",0,0,0,0,0,0,"gbif"
"Crassula ovata",0,0,0,0,0,0,"danielle"
"Crassula spathulata",0,0,0,0,0,0,"gbif"
"Crataegus monogyna",0,0,0,0,0,0,"gbif"
"Crepis capillaris",0,0,0,0,0,0,"gbif"
"Crepis occidentalis",0,0,0,1,0,0,"gbif"
"Crepis vesicaria",0,0,0,0,0,0,"gbif"
"Crescentia cujete",1,0,1,0,0,0,"gbif"
"Crocosmia ×crocosmiiflora",0,0,0,0,0,0,"danielle"
"Crossandra infundibuliformis",0,0,0,0,0,0,"danielle"
"Crotalaria agatiflora",0,0,0,0,0,0,"gbif"
"Crotalaria goreensis",0,0,0,0,0,0,"gbif"
"Crotalaria incana",1,0,0,0,0,0,"gbif"
"Crotalaria juncea",0,0,0,0,0,0,"gbif"
"Crotalaria laburnifolia",0,0,0,0,0,0,"gbif"
"Crotalaria longirostrata",0,0,0,0,0,0,"gbif"
"Crotalaria micans",0,0,0,1,0,0,"gbif"
"Crotalaria pallida",0,0,0,0,0,0,"gbif"
"Crotalaria retusa",1,1,1,0,0,1,"gbif"
"Crotalaria sagittalis",0,0,0,0,0,0,"gbif"
"Crotalaria spectabilis",0,0,0,0,0,0,"gbif"
"Crotalaria virgulata",0,0,0,0,0,0,"gbif"
"Croton glandulosus",0,0,0,0,0,0,"gbif"
"Croton monanthogynus",0,1,0,0,0,0,"gbif"
"Cryptostegia grandiflora",0,0,0,0,0,0,"danielle"
"Cryptostegia madagascariensis",0,0,1,0,0,0,"gbif"
"Cryptotaenia canadensis",0,0,1,0,0,0,"danielle"
"Cucumis anguria",0,0,1,0,0,0,"gbif"
"Cucumis dipsaceus",0,0,0,0,0,1,"gbif"
"Cucumis melo",0,0,0,0,0,0,"gbif"
"Cucurbita maxima",0,0,0,0,0,0,"gbif"
"Cucurbita pepo",0,0,0,0,0,0,"gbif"
"Cupaniopsis anacardioides",0,0,0,0,0,0,"danielle"
"Cuphea hyssopifolia",0,0,0,0,0,0,"gbif"
"Cupressus sempervirens",0,1,0,0,0,0,"gbif"
"Curcuma longa",0,0,0,0,0,0,"gbif"
"Cuscuta americana",1,0,0,1,1,1,"gbif"
"Cuscuta epithymum",0,0,0,0,0,0,"gbif"
"Cuscuta indecora",0,0,0,0,0,0,"gbif"
"Cuscuta palaestina",0,0,0,0,0,0,"gbif"
"Cuscuta pentagona",0,0,0,0,0,0,"gbif"
"Cuscuta umbellata",0,0,0,0,1,1,"gbif"
"Cyathea cooperi",0,0,0,0,0,0,"danielle"
"Cydonia oblonga",0,0,0,0,0,0,"gbif"
"Cynara cardunculus",0,0,0,0,0,0,"gbif"
"Cynara scolymus",0,0,0,0,0,0,"gbif"
"Cynodon dactylon",0,0,0,0,0,0,"danielle"
"Cynodon nlemfuensis",0,0,0,0,0,0,"gbif"
"Cynodon radiatus",0,0,0,0,0,0,"gbif"
"Cynoglossum lanceolatum",0,0,0,0,0,0,"gbif"
"Cynoglossum officinale",0,0,0,0,0,0,"gbif"
"Cynosurus cristatus",1,0,0,0,0,0,"gbif"
"Cynosurus echinatus",0,0,0,0,0,0,"gbif"
"Cyperus alopecuroides",0,0,0,1,0,0,"gbif"
"Cyperus alternifolius",0,1,0,1,0,0,"gbif"
"Cyperus amabilis",0,0,0,0,0,0,"gbif"
"Cyperus arenarius",0,0,0,0,0,0,"gbif"
"Cyperus articulatus",1,0,0,1,0,0,"gbif"
"Cyperus cephalotes",0,0,0,0,0,0,"gbif"
"Cyperus compactus",0,0,0,0,0,0,"gbif"
"Cyperus compressus",0,0,0,0,0,1,"gbif"
"Cyperus difformis",0,0,0,0,0,0,"gbif"
"Cyperus digitatus",0,0,0,0,0,0,"gbif"
"Cyperus dubius",0,0,0,0,0,0,"gbif"
"Cyperus eragrostis",0,0,0,0,0,0,"gbif"
"Cyperus esculentus",0,1,0,0,0,1,"gbif"
"Cyperus flavidus",0,0,0,0,0,0,"gbif"
"Cyperus fuscus",0,0,0,0,0,0,"gbif"
"Cyperus gracilis",0,0,0,0,0,0,"danielle"
"Cyperus haspan",0,0,0,0,0,0,"gbif"
"Cyperus imbricatus",0,0,0,0,0,0,"gbif"
"Cyperus involucratus",0,0,0,0,0,0,"danielle"
"Cyperus iria",0,0,0,0,0,0,"gbif"
"Cyperus laevigatus",1,0,0,0,0,0,"gbif"
"Cyperus longus",0,0,0,0,1,0,"gbif"
"Cyperus odoratus",1,1,0,1,0,0,"gbif"
"Cyperus papyrus",0,0,0,0,0,0,"gbif"
"Cyperus procerus",0,0,0,0,0,0,"gbif"
"Cyperus prolifer",0,0,0,0,0,0,"danielle"
"Cyperus reflexus",0,0,0,0,0,0,"gbif"
"Cyperus rotundus",1,1,0,1,1,1,"gbif"
"Cyperus sanguinolentus",0,0,0,0,0,0,"gbif"
"Cyperus serotinus",0,0,0,0,0,0,"gbif"
"Cyperus sphacelatus",0,0,0,1,0,1,"gbif"
"Cyperus tenuispica",0,0,0,0,0,0,"gbif"
"Cyperus virens",0,0,0,0,0,0,"gbif"
"Cyrtomium falcatum",0,0,0,0,0,0,"danielle"
"Cytisus multiflorus",0,1,0,0,0,0,"gbif"
"Cytisus striatus",0,0,0,0,0,0,"gbif"
"Dactylis glomerata",0,0,0,1,0,0,"gbif"
"Dactyloctenium aegyptium",1,0,1,1,1,1,"gbif"
"Datura discolor",0,0,0,0,0,0,"gbif"
"Datura ferox",0,0,0,0,0,0,"gbif"
"Datura metel",1,1,0,0,0,0,"gbif"
"Datura stramonium",1,1,0,0,1,1,"gbif"
"Daucus carota",0,0,0,0,0,0,"gbif"
"Delairea odorata",0,0,0,0,0,0,"gbif"
"Delonix regia",0,0,0,0,0,0,"danielle"
"Derris elliptica",0,0,0,0,0,0,"danielle"
"Dianthus armeria",0,0,0,0,0,0,"gbif"
"Dianthus barbatus",0,0,0,0,0,0,"gbif"
"Dianthus plumarius",0,0,0,0,0,0,"gbif"
"Dichanthium annulatum",0,0,0,0,0,0,"gbif"
"Dichondra micrantha",0,0,0,0,0,0,"gbif"
"Dichrostachys cinerea",0,0,0,0,0,0,"gbif"
"Dichrostachys cinerea",0,0,0,0,0,0,"caribdb"
"Digitalis purpurea",0,0,0,0,0,0,"gbif"
"Digitaria ciliaris",0,1,1,1,1,1,"gbif"
"Digitaria didactyla",0,0,0,0,0,0,"gbif"
"Digitaria eriantha",0,0,0,0,0,0,"gbif"
"Digitaria horizontalis",1,1,1,1,1,0,"gbif"
"Digitaria ischaemum",0,0,0,0,0,0,"gbif"
"Digitaria longiflora",0,1,0,0,0,0,"gbif"
"Digitaria nuda",0,0,0,0,0,0,"gbif"
"Digitaria sanguinalis",1,1,0,0,1,0,"gbif"
"Digitaria setigera",0,0,0,0,0,0,"gbif"
"Digitaria violascens",0,1,0,0,0,0,"gbif"
"Dillenia suffruticosa",0,0,0,0,0,0,"danielle"
"Diodia virginiana",0,0,0,0,0,0,"gbif"
"Dioscorea alata",0,0,0,1,0,1,"gbif"
"Dioscorea alata",0,0,0,0,0,0,"caribdb"
"Dioscorea bulbifera",0,0,0,0,0,0,"gbif"
"Dioscorea villosa",0,0,0,0,0,0,"gbif"
"Diospyros texana",0,0,0,0,0,0,"gbif"
"Diospyros virginiana",0,0,0,0,0,0,"gbif"
"Diplazium esculentum",0,0,0,0,0,0,"gbif"
"Diplotaxis muralis",0,0,0,0,0,0,"gbif"
"Dipogon lignosus",0,0,0,0,0,0,"gbif"
"Dissotis rotundifolia",0,0,0,0,0,0,"danielle"
"Dittrichia viscosa",0,0,0,0,0,0,"gbif"
"Dodonaea viscosa",1,1,1,0,1,1,"gbif"
"Dorstenia contrajerva",0,0,0,0,0,0,"danielle"
"Dovyalis hebecarpa",0,0,0,0,0,0,"danielle"
"Duchesnea indica",0,0,0,0,0,0,"danielle"
"Duranta erecta",1,1,1,1,0,1,"gbif"
"Dypsis lutescens",0,0,0,0,0,0,"danielle"
"Dyssodia papposa",0,0,0,0,0,0,"gbif"
"Dyssodia tenuiloba",0,0,0,0,0,0,"danielle"
"Echinochloa colona",1,1,1,1,1,1,"gbif"
"Echinochloa crus-galli",0,0,0,0,0,0,"caribdb"
"Echinochloa frumentacea",0,0,0,0,0,0,"gbif"
"Echinochloa oryzoides",0,0,0,0,0,0,"gbif"
"Echium plantagineum",0,0,0,0,0,0,"gbif"
"Echium vulgare",0,0,0,0,0,0,"gbif"
"Egeria densa",0,0,0,0,0,0,"gbif"
"Eichhornia crassipes",0,1,0,0,0,0,"caribdb"
"Elaeagnus umbellata",0,0,0,0,0,0,"danielle"
"Elatine triandra",0,0,0,0,0,0,"gbif"
"Eleocharis acicularis",0,0,0,0,0,0,"gbif"
"Eleocharis cellulosa",0,1,0,0,1,0,"gbif"
"Eleocharis geniculata",1,1,0,0,1,1,"gbif"
"Eleocharis interstincta",0,1,1,0,0,0,"gbif"
"Eleocharis mutata",1,0,0,1,0,0,"gbif"
"Eleocharis parvula",0,0,0,0,0,0,"gbif"
"Eleocharis retroflexa",0,0,0,1,0,0,"gbif"
"Elephantopus mollis",1,0,0,1,0,1,"gbif"
"Elephantopus tomentosus",0,0,0,0,0,0,"gbif"
"Eleusine indica",1,1,1,1,1,1,"gbif"
"Eleusine indica",0,0,0,0,0,0,"caribdb"
"Elodea canadensis",0,0,0,0,0,0,"gbif"
"Elsholtzia ciliata",0,0,0,0,0,0,"danielle"
"Emilia coccinea",0,0,0,0,0,0,"caribdb"
"Emilia fosbergii",1,0,1,1,0,0,"gbif"
"Emilia fosbergii",0,0,0,0,0,0,"caribdb"
"Emilia sonchifolia",0,0,0,0,0,0,"caribdb"
"Enterolobium contortisiliquum",0,0,0,0,0,0,"gbif"
"Epilobium ciliatum",0,0,0,0,0,0,"gbif"
"Epidendrum ×obrienianum",0,0,0,0,0,0,"danielle"
"Epipremnum pinnatum",0,0,0,0,0,0,"danielle"
"Epiphyllum phyllanthus",0,0,0,0,0,0,"gbif"
"Equisetum arvense",0,0,0,0,0,0,"gbif"
"Equisetum hyemale",0,0,0,0,0,0,"gbif"
"Equisetum ramosissimum",0,0,0,0,0,0,"gbif"
"Eragrostis airoides",0,0,0,0,0,0,"gbif"
"Eragrostis amabilis",0,0,1,1,0,0,"gbif"
"Eragrostis atrovirens",0,0,0,0,0,0,"gbif"
"Eragrostis lugens",0,0,0,0,0,0,"gbif"
"Eragrostis mexicana",0,0,0,0,0,0,"gbif"
"Eragrostis minor",0,1,0,0,0,0,"gbif"
"Eragrostis superba",0,0,0,0,0,0,"gbif"
"Eremopyrum triticeum",0,0,0,0,0,0,"gbif"
"Erigeron karvinskianus",0,0,0,0,0,0,"gbif"
"Erigeron philadelphicus",0,1,0,0,0,0,"gbif"
"Erigeron strigosus",0,0,0,0,0,0,"gbif"
"Eriobotrya japonica",0,0,0,0,0,0,"gbif"
"Eriocephalus racemosus",0,0,0,0,0,0,"gbif"
"Eriochloa meyeriana",0,0,0,0,0,0,"gbif"
"Eriochloa polystachya",0,0,0,0,0,0,"gbif"
"Eruca vesicaria",0,0,0,0,0,0,"danielle"
"Eryngium campestre",0,0,0,0,0,0,"gbif"
"Eryngium foetidum",0,0,0,0,0,0,"danielle"
"Erysimum repandum",0,0,0,0,0,0,"gbif"
"Erythroxylum coca",0,0,0,0,0,0,"gbif"
"Eschscholzia californica",0,0,0,0,0,0,"gbif"
"Eucalyptus botryoides",0,0,0,0,0,0,"gbif"
"Eucalyptus camaldulensis",0,0,0,0,0,0,"gbif"
"Eucalyptus globulus",0,1,0,0,0,0,"gbif"
"Eucalyptus polyanthemos",0,1,0,0,0,0,"gbif"
"Eucalyptus saligna",0,1,0,0,0,0,"gbif"
"Eucalyptus tereticornis",0,0,0,0,0,0,"gbif"
"Eugenia uniflora",1,1,0,1,0,0,"gbif"
"Eugenia uniflora",0,1,1,0,0,0,"caribdb"
"Eupatorium adenophorum",0,0,0,0,0,0,"caribdb"
"Euphorbia chamaesyce",1,0,0,0,0,0,"gbif"
"Euphorbia cotinifolia",0,0,1,1,0,0,"gbif"
"Euphorbia cyparissias",0,0,0,0,0,0,"gbif"
"Euphorbia dentata",0,0,0,0,0,0,"gbif"
"Euphorbia esula",0,0,0,0,0,0,"gbif"
"Euphorbia heterophylla",1,1,1,1,1,1,"gbif"
"Euphorbia hirta",1,0,1,1,1,1,"gbif"
"Euphorbia humifusa",0,0,0,0,0,0,"gbif"
"Euphorbia hypericifolia",1,1,1,0,1,1,"gbif"
"Euphorbia hyssopifolia",0,1,1,0,1,0,"gbif"
"Euphorbia lactea",0,0,0,0,0,0,"danielle"
"Euphorbia lathyris",0,0,0,0,0,0,"gbif"
"Euphorbia leucocephala",0,0,0,0,0,0,"danielle"
"Euphorbia leuconeura",0,0,0,0,0,0,"danielle"
"Euphorbia maculata",0,1,0,0,0,0,"gbif"
"Euphorbia milii",0,1,1,0,0,1,"gbif"
"Euphorbia nutans",0,1,0,0,0,0,"gbif"
"Euphorbia oerstediana",1,0,0,0,0,0,"gbif"
"Euphorbia peplus",0,1,0,0,0,0,"gbif"
"Euphorbia segetalis",0,0,0,0,0,0,"gbif"
"Euphorbia serpens",0,1,1,0,0,1,"gbif"
"Euphorbia thymifolia",0,0,0,0,0,0,"gbif"
"Euphorbia tirucalli",0,0,0,0,0,0,"gbif"
"Fagopyrum esculentum",0,1,0,0,0,0,"gbif"
"Fagus grandifolia",0,0,0,0,0,0,"gbif"
"Falcataria moluccana",0,0,0,0,0,0,"danielle"
"Ferula communis",0,0,0,0,0,0,"gbif"
"Festuca rubra",0,0,0,0,0,1,"gbif"
"Ficus altissima",0,1,0,0,0,0,"gbif"
"Ficus benghalensis",0,1,0,0,0,0,"gbif"
"Ficus benjamina",0,0,0,0,0,0,"gbif"
"Ficus carica",0,1,0,0,0,0,"gbif"
"Ficus elastica",0,0,0,0,0,0,"gbif"
"Ficus microcarpa",0,0,0,0,0,0,"danielle"
"Ficus nota",0,0,0,0,0,0,"danielle"
"Ficus pumila",1,1,0,0,0,0,"gbif"
"Ficus religiosa",0,0,0,0,0,0,"gbif"
"Ficus retusa",0,0,0,0,0,0,"gbif"
"Ficus retusa",0,1,0,0,0,0,"caribdb"
"Filicium decipiens",0,0,0,0,0,0,"danielle"
"Fimbristylis aestivalis",0,0,0,0,0,0,"gbif"
"Fimbristylis dichotoma",0,0,0,1,0,1,"gbif"
"Fimbristylis littoralis",0,0,0,0,0,0,"gbif"
"Fimbristylis schoenoides",0,0,0,0,0,0,"gbif"
"Flacourtia indica",0,0,0,0,0,0,"danielle"
"Flemingia macrophylla",0,0,0,0,0,0,"gbif"
"Flemingia strobilifera",0,0,0,0,0,0,"caribdb"
"Flindersia brayleyana",0,0,0,0,0,0,"danielle"
"Foeniculum vulgare",0,1,0,0,0,1,"gbif"
"Fragaria ×ananassa",0,0,0,0,0,0,"danielle"
"Fragaria vesca",0,0,0,0,0,0,"gbif"
"Fragaria vesca",0,0,0,0,0,0,"caribdb"
"Fraxinus americana",0,0,0,0,0,0,"gbif"
"Fraxinus angustifolia",0,1,0,0,0,0,"gbif"
"Fraxinus caroliniana",0,0,0,0,0,0,"gbif"
"Fraxinus ornus",0,0,0,0,0,0,"gbif"
"Fraxinus pennsylvanica",0,0,0,0,0,0,"gbif"
"Fraxinus uhdei",0,0,0,0,0,0,"gbif"
"Freesia leichtlinii",0,1,0,0,0,0,"gbif"
"Fuchsia boliviana",0,0,0,0,0,0,"danielle"
"Fuchsia magellanica",0,0,0,0,0,0,"gbif"
"Fuchsia paniculata",0,0,0,0,0,0,"danielle"
"Fuirena umbellata",0,0,0,0,0,0,"gbif"
"Fumaria agraria",0,0,0,0,0,0,"gbif"
"Fumaria capreolata",0,1,0,0,0,0,"gbif"
"Fumaria officinalis",0,1,0,0,0,0,"gbif"
"Fumaria vaillantii",0,0,0,0,0,0,"gbif"
"Furcraea foetida",0,0,0,0,0,0,"danielle"
"Gaillardia pulchella",0,0,0,0,0,0,"gbif"
"Gaillardia pulchella",0,0,0,0,0,0,"caribdb"
"Galinsoga parviflora",0,1,0,0,0,0,"gbif"
"Galium aparine",0,1,0,0,0,0,"gbif"
"Gamochaeta pensylvanica",0,0,0,0,0,0,"gbif"
"Gamochaeta purpurea",0,0,0,0,0,0,"gbif"
"Gaultheria shallon",0,0,0,0,0,0,"gbif"
"Genista canariensis",0,1,0,0,0,0,"gbif"
"Geranium carolinianum",0,1,0,0,0,0,"gbif"
"Geranium dissectum",0,0,0,0,0,0,"gbif"
"Geranium maculatum",0,0,0,0,0,0,"gbif"
"Geranium molle",0,0,0,0,0,0,"gbif"
"Geranium purpureum",0,0,0,0,0,0,"gbif"
"Geranium robertianum",0,1,0,0,0,0,"gbif"
"Geranium rotundifolium",0,0,0,0,0,0,"gbif"
"Geum urbanum",0,0,0,0,0,0,"gbif"
"Gladiolus cardinalis",0,0,0,0,0,0,"gbif"
"Gladiolus communis",0,0,0,0,0,0,"gbif"
"Gladiolus undulatus",0,0,0,0,0,0,"gbif"
"Glaucium flavum",0,0,0,0,0,0,"gbif"
"Gleditsia triacanthos",0,0,0,0,0,0,"gbif"
"Glinus lotoides",0,0,0,0,0,0,"gbif"
"Gloriosa superba",0,0,0,0,0,0,"gbif"
"Glyceria maxima",0,0,0,0,0,0,"gbif"
"Glyceria striata",0,0,0,0,0,0,"gbif"
"Gmelina arborea",0,0,0,0,0,0,"gbif"
"Gmelina asiatica",0,0,0,0,0,0,"gbif"
"Gnaphalium polycaulon",0,0,0,0,0,0,"gbif"
"Gomphrena globosa",0,0,0,0,0,0,"danielle"
"Gossypium hirsutum",1,1,1,1,1,1,"gbif"
"Grateloupia turuturu",0,0,0,0,0,0,"caribdb"
"Grevillea banksii",0,0,0,0,0,0,"danielle"
"Grevillea robusta",0,0,0,0,0,0,"caribdb"
"Grewia asiatica",0,0,0,0,0,0,"gbif"
"Grewia caffra",0,0,0,0,0,0,"gbif"
"Guaiacum officinale",0,0,0,0,0,0,"danielle"
"Guazuma ulmifolia",1,0,0,1,0,1,"gbif"
"Guettarda speciosa",0,0,0,0,0,0,"gbif"
"Gypsophila paniculata",0,0,0,0,0,0,"gbif"
"Haematoxylum campechianum",1,1,1,1,0,1,"gbif"
"Haematoxylum campechianum",0,0,0,0,0,0,"caribdb"
"Halophila stipulacea",0,0,0,0,0,0,"caribdb"
"Hamamelis virginiana",0,0,0,0,0,0,"gbif"
"Hebe speciosa",0,0,0,0,0,0,"danielle"
"Hedera helix",0,1,0,0,0,0,"gbif"
"Hedychium coccineum",0,0,0,0,0,0,"gbif"
"Hedychium coccineum",0,0,0,0,0,0,"caribdb"
"Hedychium coronarium",0,0,0,0,0,0,"caribdb"
"Hedychium flavescens",0,0,0,0,0,0,"danielle"
"Hedychium gardnerianum",0,0,0,0,0,0,"caribdb"
"Heimia salicifolia",0,0,0,0,0,0,"gbif"
"Helianthus annuus",0,0,0,0,0,0,"gbif"
"Helianthus debilis",0,1,0,0,0,0,"gbif"
"Helianthus tuberosus",0,0,0,0,0,0,"gbif"
"Heliconia bihai",0,0,0,0,0,0,"danielle"
"Heliconia latispatha",0,0,0,0,0,0,"danielle"
"Heliconia metallica",0,0,0,0,0,0,"danielle"
"Heliconia psittacorum",0,0,0,0,0,0,"danielle"
"Heliocarpus popayanensis",0,0,0,0,0,0,"danielle"
"Heliotropium amplexicaule",0,0,0,0,0,0,"gbif"
"Heliotropium curassavicum",1,1,1,0,1,1,"gbif"
"Heliotropium europaeum",0,0,0,0,0,0,"gbif"
"Heliotropium indicum",1,0,1,1,0,1,"gbif"
"Hemigraphis reptans",0,0,0,0,0,0,"danielle"
"Heracleum sphondylium",0,0,0,0,0,0,"gbif"
"Heritiera littoralis",0,0,0,0,0,0,"danielle"
"Heteranthera reniformis",0,0,0,0,0,0,"gbif"
"Heterocentron subtriplinervium",0,0,0,0,0,0,"danielle"
"Heteromeles arbutifolia",0,0,0,0,0,0,"danielle"
"Heteropogon contortus",0,0,0,0,0,0,"caribdb"
"Hibiscus diversifolius",0,0,0,0,0,0,"gbif"
"Hibiscus mutabilis",0,1,0,0,0,0,"gbif"
"Hibiscus rosa-sinensis",0,0,0,1,0,1,"gbif"
"Hibiscus sabdariffa",1,0,0,0,0,0,"gbif"
"Hibiscus syriacus",0,1,0,0,0,0,"gbif"
"Hibiscus trionum",0,0,0,0,0,0,"gbif"
"Hippeastrum striatum",0,0,0,0,0,0,"danielle"
"Hiptage benghalensis",0,0,0,0,0,0,"danielle"
"Holcus lanatus",0,0,0,0,0,0,"gbif"
"Holcus mollis",0,0,0,0,0,0,"gbif"
"Hordeum brachyantherum",0,0,0,0,0,0,"gbif"
"Hordeum bulbosum",0,0,0,0,0,0,"gbif"
"Hordeum jubatum",0,0,0,0,0,0,"gbif"
"Hordeum murinum",0,0,0,0,0,0,"gbif"
"Hordeum pusillum",0,1,0,0,0,0,"gbif"
"Hordeum secalinum",0,0,0,0,0,0,"gbif"
"Hordeum vulgare",0,1,0,0,0,0,"gbif"
"Houttuynia cordata",0,0,0,0,0,0,"danielle"
"Hovenia dulcis",0,0,0,0,0,0,"gbif"
"Hoya australis",0,0,0,0,0,0,"danielle"
"Humulus lupulus",0,0,0,0,0,0,"gbif"
"Hura crepitans",1,0,0,0,0,0,"gbif"
"Hydrilla verticillata",0,0,0,0,0,0,"caribdb"
"Hydrocleys nymphoides",0,0,0,0,0,0,"gbif"
"Hydrocotyle bonariensis",0,0,0,0,0,0,"gbif"
"Hydrocotyle sibthorpioides",0,0,0,0,0,0,"gbif"
"Hydrocotyle umbellata",0,0,0,0,0,0,"gbif"
"Hydrocotyle verticillata",0,1,0,0,0,0,"gbif"
"Hydrolea spinosa",0,0,0,0,0,0,"gbif"
"Hylocereus costaricensis",0,0,0,0,0,0,"danielle"
"Hylocereus undatus",0,1,0,0,0,0,"gbif"
"Hymenachne amplexicaulis",0,0,0,0,0,0,"gbif"
"Hyoscyamus niger",0,0,0,0,0,0,"gbif"
"Hyparrhenia hirta",0,0,0,0,0,0,"gbif"
"Hyparrhenia rufa",0,0,0,0,0,0,"gbif"
"Hyparrhenia rufa",0,0,0,0,0,0,"caribdb"
"Hypericum calycinum",0,0,0,0,0,0,"gbif"
"Hypericum perforatum",0,0,0,0,0,0,"gbif"
"Hypochaeris glabra",0,0,0,0,0,0,"gbif"
"Hypochaeris radicata",0,0,0,0,0,0,"gbif"
"Hypoestes phyllostachya",0,0,0,0,0,0,"gbif"
"Hyptis brevipes",0,0,0,0,0,0,"gbif"
"Hyptis capitata",1,0,0,1,0,1,"gbif"
"Hyptis lanceolata",0,0,0,0,0,0,"gbif"
"Iberis amara",0,0,0,0,0,0,"gbif"
"Iberis semperflorens",0,0,0,0,0,0,"gbif"
"Iberis sempervirens",0,0,0,0,0,0,"gbif"
"Ilex aquifolium",0,0,0,0,0,0,"gbif"
"Ilex cassine",0,0,0,0,0,0,"danielle"
"Ilex paraguariensis",0,0,0,0,0,0,"danielle"
"Ilex vomitoria",0,1,0,0,0,0,"gbif"
"Illecebrum verticillatum",0,0,0,0,0,0,"gbif"
"Impatiens balsamina",0,0,0,0,0,0,"gbif"
"Impatiens capensis",0,0,0,0,0,0,"gbif"
"Impatiens glandulifera",0,0,0,0,0,0,"gbif"
"Impatiens noli-tangere",0,0,0,0,0,0,"gbif"
"Impatiens sodenii",0,0,0,0,0,0,"danielle"
"Impatiens walleriana",0,0,0,0,0,0,"danielle"
"Imperata brasiliensis",0,1,0,0,0,0,"gbif"
"Indigofera hirsuta",0,0,0,0,0,0,"gbif"
"Indigofera jamaicensis",0,0,0,0,0,0,"gbif"
"Indigofera jamaicensis",0,0,0,0,0,0,"caribdb"
"Indigofera spicata",0,0,0,0,0,0,"gbif"
"Indigofera suffruticosa",1,1,0,1,0,1,"gbif"
"Indigofera tinctoria",1,0,1,1,1,1,"gbif"
"Ipomoea alba",0,1,0,0,0,0,"gbif"
"Ipomoea aquatica",0,0,0,0,0,0,"gbif"
"Ipomoea aquatica",0,0,0,0,0,0,"caribdb"
"Ipomoea batatas",1,0,1,0,0,0,"gbif"
"Ipomoea cairica",0,0,0,0,0,0,"gbif"
"Ipomoea carnea",0,0,0,1,0,0,"gbif"
"Ipomoea hederacea",0,0,0,1,0,0,"gbif"
"Ipomoea hederifolia",1,0,0,1,0,0,"gbif"
"Ipomoea indica",0,1,1,1,0,1,"gbif"
"Ipomoea lacunosa",0,0,0,0,0,0,"gbif"
"Ipomoea nil",1,0,0,1,0,0,"gbif"
"Ipomoea obscura",0,0,0,0,0,0,"danielle"
"Ipomoea ochracea",0,0,0,0,0,0,"danielle"
"Ipomoea purpurea",1,1,0,0,0,0,"gbif"
"Ipomoea quamoclit",1,0,0,1,0,0,"gbif"
"Ipomoea tricolor",0,0,0,0,0,0,"gbif"
"Ipomoea triloba",1,0,1,0,1,1,"gbif"
"Ipomoea violacea",0,0,1,0,1,0,"gbif"
"Iresine rhizomatosa",0,0,0,0,0,0,"gbif"
"Iris germanica",0,1,0,0,0,0,"gbif"
"Iris orientalis",0,0,0,0,0,0,"gbif"
"Isachne globosa",0,0,0,0,0,0,"gbif"
"Ischaemum aristatum",0,0,0,0,0,0,"gbif"
"Ischaemum barbatum",0,0,0,0,0,0,"gbif"
"Ischaemum rugosum",0,0,0,0,0,0,"gbif"
"Ischaemum rugosum",0,0,0,0,0,0,"caribdb"
"Ischaemum timorense",0,0,0,0,0,0,"gbif"
"Jacaranda mimosifolia ",0,0,0,0,0,0,"danielle"
"Jacquemontia tamnifolia",1,0,0,0,0,0,"gbif"
"Jasione montana",0,0,0,0,0,0,"gbif"
"Jasminum dichotomum",0,0,0,0,0,0,"gbif"
"Jasminum fluminense",1,0,1,0,1,1,"gbif"
"Jasminum fluminense",0,0,0,0,0,0,"caribdb"
"Jasminum mesnyi",0,1,0,0,0,0,"gbif"
"Jasminum sambac",0,1,0,0,0,0,"gbif"
"Jasminum sambac",0,0,0,0,0,0,"caribdb"
"Jatropha curcas",1,0,0,1,0,0,"gbif"
"Jatropha gossypiifolia",1,0,0,1,1,1,"gbif"
"Jatropha podagrica",0,0,0,0,0,0,"gbif"
"Juglans cinerea",0,0,0,0,0,0,"gbif"
"Juglans nigra",0,1,0,0,0,0,"gbif"
"Juglans regia",0,1,0,0,0,0,"gbif"
"Juncus acuminatus",0,0,0,0,0,0,"gbif"
"Juncus acutus",0,1,0,0,0,0,"gbif"
"Juncus articulatus",0,0,0,0,0,0,"gbif"
"Juncus balticus",0,0,0,0,0,0,"gbif"
"Juncus bufonius",0,1,0,0,0,0,"gbif"
"Juncus capillaceus",0,0,0,0,0,0,"gbif"
"Juncus effusus",0,0,0,0,0,0,"gbif"
"Juncus imbricatus",0,0,0,0,0,0,"gbif"
"Juncus marginatus",0,1,0,0,0,0,"gbif"
"Juncus maritimus",0,1,0,0,0,0,"gbif"
"Juncus microcephalus",0,0,0,0,0,0,"gbif"
"Juncus roemerianus",0,0,0,0,0,0,"gbif"
"Juncus tenuis",0,0,0,0,0,0,"gbif"
"Juniperus communis",0,0,0,0,0,0,"gbif"
"Juniperus virginiana",0,1,0,0,0,0,"gbif"
"Justicia betonica",0,0,0,0,0,0,"gbif"
"Kalanchoe pinnata",1,1,1,1,1,1,"gbif"
"Kalimeris indica",0,0,0,0,0,0,"danielle"
"Kallstroemia maxima",1,0,1,0,1,1,"gbif"
"Kickxia elatine",0,1,0,0,0,0,"gbif"
"Kleinhovia hospita",0,0,0,0,0,0,"danielle"
"Koelreuteria elegans",0,0,0,0,0,0,"danielle"
"Kniphofia uvaria",0,0,0,0,0,0,"gbif"
"Lablab purpureus",0,0,0,0,0,0,"danielle"
"Lactuca canadensis",0,0,0,0,0,0,"gbif"
"Lactuca sativa",0,0,0,0,0,0,"gbif"
"Lactuca serriola",0,0,0,0,0,0,"gbif"
"Lactuca virosa",0,0,0,0,0,0,"gbif"
"Lagascea mollis",1,0,0,0,0,0,"gbif"
"Lagerstroemia indica",0,1,1,0,0,0,"gbif"
"Lagurus ovatus",0,0,0,0,0,0,"gbif"
"Lamium amplexicaule",0,1,0,0,0,0,"gbif"
"Lamium maculatum",0,0,0,0,0,0,"gbif"
"Landoltia punctata",0,0,0,0,0,0,"danielle"
"Lantana camara",1,1,1,1,1,1,"gbif"
"Lantana camara",0,1,0,0,0,0,"caribdb"
"Lantana montevidensis",0,1,0,0,0,0,"gbif"
"Lapsana communis",0,0,0,0,0,0,"gbif"
"Larix decidua",0,0,0,0,0,0,"gbif"
"Larrea divaricata",0,0,0,0,0,0,"gbif"
"Lathyrus clymenum",0,0,0,0,0,0,"gbif"
"Lathyrus latifolius",0,1,0,0,0,0,"gbif"
"Lathyrus odoratus",0,1,0,0,0,0,"gbif"
"Lathyrus pratensis",0,0,0,0,0,0,"gbif"
"Lathyrus sativus",0,0,0,1,0,0,"gbif"
"Lathyrus tingitanus",0,0,0,0,0,0,"gbif"
"Lathyrus tuberosus",0,0,0,0,0,0,"gbif"
"Launaea intybacea",0,0,1,1,0,1,"caribdb"
"Laurus nobilis",0,1,0,0,0,0,"gbif"
"Lavandula angustifolia",0,0,0,0,0,0,"gbif"
"Lavandula dentata",0,0,0,0,0,0,"gbif"
"Leersia hexandra",0,0,0,0,0,0,"gbif"
"Lemna gibba",0,0,0,0,0,0,"gbif"
"Lemna minor",0,0,0,0,0,0,"gbif"
"Lemna obscura",0,0,0,0,0,0,"danielle"
"Lemna perpusilla",0,0,0,0,0,0,"gbif"
"Leontodon saxatilis",0,0,0,0,0,0,"gbif"
"Leontodon taraxacoides",0,0,0,0,0,0,"gbif"
"Leonurus cardiaca",0,0,0,0,0,0,"gbif"
"Lepidium bipinnatifidum",0,0,0,0,0,0,"gbif"
"Lepidium densiflorum",0,0,0,0,0,0,"gbif"
"Lepidium graminifolium",0,0,0,0,0,0,"gbif"
"Lepidium sativum",0,1,0,0,0,0,"gbif"
"Lepidium virginicum",1,1,0,1,1,1,"gbif"
"Leptospermum scoparium",0,0,0,0,0,0,"danielle"
"Lespedeza bicolor",0,0,0,0,0,0,"danielle"
"Leucaena leucocephala",1,1,1,1,1,1,"gbif"
"Leucanthemum vulgare",0,1,0,0,0,0,"gbif"
"Leucojum aestivum",0,0,0,0,0,0,"gbif"
"Ligustrum japonicum",0,0,0,0,0,0,"gbif"
"Ligustrum lucidum",0,0,0,0,0,0,"gbif"
"Ligustrum ovalifolium",0,0,0,0,0,0,"gbif"
"Ligustrum sinense",0,0,0,0,0,0,"gbif"
"Ligustrum sinense",0,0,0,0,0,0,"caribdb"
"Linaria vulgaris",0,1,0,0,0,0,"gbif"
"Linum bienne",0,0,0,0,0,0,"gbif"
"Linum usitatissimum",0,1,0,0,0,0,"gbif"
"Liquidambar styraciflua",0,0,0,0,0,0,"gbif"
"Liriodendron tulipifera",0,0,0,0,0,0,"gbif"
"Lithospermum officinale",0,0,0,0,0,0,"gbif"
"Lobelia cardinalis",0,0,0,0,0,0,"gbif"
"Lobelia erinus",0,0,0,0,0,0,"gbif"
"Lobelia laxiflora",0,0,0,0,0,0,"gbif"
"Lobularia maritima",0,1,0,0,0,0,"gbif"
"Lolium multiflorum",0,1,0,0,0,0,"gbif"
"Lolium perenne",0,1,0,0,0,0,"gbif"
"Lolium temulentum",0,0,0,0,0,0,"gbif"
"Lonicera japonica",0,1,0,0,0,0,"gbif"
"Lonicera japonica",0,0,0,0,0,0,"caribdb"
"Lonicera sempervirens",0,0,0,0,0,0,"gbif"
"Lophospermum erubescens",0,0,0,0,0,0,"danielle"
"Lotononis bainesii",0,0,0,0,0,0,"gbif"
"Lotus corniculatus",0,0,0,0,0,0,"gbif"
"Lotus pedunculatus",0,0,0,0,0,0,"gbif"
"Ludwigia palustris",0,1,0,0,0,0,"gbif"
"Ludwigia peruviana",0,0,0,0,0,0,"caribdb"
"Ludwigia repens",0,0,0,0,0,0,"danielle"
"Lunaria annua",0,0,0,0,0,0,"gbif"
"Lupinus albus",0,0,0,0,0,0,"gbif"
"Lupinus luteus",0,0,0,0,0,0,"gbif"
"Lupinus mutabilis",0,0,0,0,0,0,"gbif"
"Lupinus perennis",0,0,0,0,0,0,"gbif"
"Luziola spruceana",0,0,0,0,0,0,"gbif"
"Lycium barbarum",0,1,0,0,0,0,"gbif"
"Lycopsis arvensis",0,0,0,0,0,0,"gbif"
"Lygodium japonicum",0,0,0,0,0,0,"gbif"
"Lygodium japonicum",0,0,0,0,0,0,"caribdb"
"Lythrum hyssopifolia",0,0,0,0,0,0,"gbif"
"Macaranga mappa",0,0,0,0,0,0,"danielle"
"Macaranga tanarius",0,0,0,0,0,0,"danielle"
"Macfadyena unguis-cati",0,0,0,0,0,0,"danielle"
"Macroptilium atropurpureum",0,0,0,0,0,0,"caribdb"
"Maesopsis eminii",0,0,0,0,0,0,"gbif"
"Maesopsis eminii",0,0,0,0,0,0,"caribdb"
"Magnolia virginiana",0,0,0,0,0,0,"gbif"
"Malachra fasciata",0,0,1,1,0,0,"gbif"
"Malva neglecta",0,0,0,0,0,0,"gbif"
"Malva nicaeensis",0,0,0,0,0,0,"gbif"
"Malva parviflora",0,1,0,0,0,0,"gbif"
"Malva pusilla",0,0,0,0,0,0,"gbif"
"Malva rotundifolia",0,0,0,0,0,0,"caribdb"
"Malva sylvestris",0,0,0,0,0,0,"gbif"
"Malvastrum coromandelianum",1,1,0,1,0,1,"gbif"
"Malvaviscus arboreus",0,0,0,0,0,0,"danielle"
"Mangifera indica",1,0,0,1,0,1,"gbif"
"Mangifera indica",0,0,0,0,0,0,"caribdb"
"Manihot esculenta",0,1,1,0,0,0,"gbif"
"Manihot grahamii",0,0,0,0,0,0,"gbif"
"Manilkara zapota",0,0,0,0,0,0,"caribdb"
"Marrubium vulgare",0,0,0,0,0,0,"gbif"
"Marsdenia floribunda",0,0,0,0,0,0,"danielle"
"Marsilea quadrifolia",0,0,0,0,0,0,"gbif"
"Martynia annua",1,0,0,0,0,1,"gbif"
"Matricaria chamomilla",0,0,0,0,0,0,"gbif"
"Medicago arabica",0,0,0,0,0,0,"gbif"
"Medicago falcata",0,0,0,0,0,0,"gbif"
"Medicago lupulina",0,1,0,0,0,0,"gbif"
"Medicago polymorpha",0,1,0,0,0,0,"gbif"
"Medicago sativa",0,1,0,0,0,0,"gbif"
"Medinilla cumingii",0,0,0,0,0,0,"danielle"
"Medinilla venosa",0,0,0,0,0,0,"danielle"
"Melaleuca quinquenervia",0,0,0,0,0,0,"caribdb"
"Melastoma candidum",0,0,0,0,0,0,"danielle"
"Melastoma malabathricum",0,0,0,0,0,0,"gbif"
"Melastoma sanguineum",0,0,0,0,0,0,"danielle"
"Melia azedarach",1,1,0,1,1,1,"gbif"
"Melia azedarach",0,0,0,0,0,0,"caribdb"
"Melianthus major",0,0,0,0,0,0,"gbif"
"Melicoccus bijugatus",1,1,1,0,1,1,"gbif"
"Melicoccus bijugatus",0,0,0,0,0,0,"caribdb"
"Melilotus albus",0,0,0,0,0,0,"gbif"
"Melinis minutiflora",0,0,0,0,0,0,"caribdb"
"Melinis repens",1,0,1,0,0,0,"gbif"
"Melissa officinalis",0,0,0,0,0,0,"gbif"
"Melochia corchorifolia",0,0,0,0,0,0,"gbif"
"Melochia pyramidata",1,0,1,1,0,1,"gbif"
"Mentha aquatica",0,1,0,0,0,0,"gbif"
"Mentha arvensis",0,0,0,0,0,0,"gbif"
"Mentha pulegium",0,0,0,0,0,0,"gbif"
"Mentha spicata",0,1,1,0,0,0,"gbif"
"Mentha suaveolens",0,0,0,0,0,0,"gbif"
"Menyanthes trifoliata",0,0,0,0,0,0,"gbif"
"Mercurialis annua",0,1,0,0,0,0,"gbif"
"Merremia tuberosa",0,1,0,0,0,0,"caribdb"
"Mibora minima",0,0,0,0,0,0,"gbif"
"Miconia calvescens",0,0,0,0,0,0,"gbif"
"Miconia calvescens",0,0,0,0,0,0,"caribdb"
"Microsorum scolopendrium",0,0,0,0,0,0,"danielle"
"Microstegium vimineum",0,0,0,0,0,0,"caribdb"
"Mikania micrantha",0,0,0,1,0,0,"gbif"
"Milium effusum",0,0,0,0,0,0,"gbif"
"Mimosa invisa",0,0,0,0,0,0,"gbif"
"Mimosa pigra",0,0,0,0,0,0,"gbif"
"Mimosa pigra",0,0,0,0,0,0,"caribdb"
"Mimosa pudica",0,0,0,1,0,1,"gbif"
"Mirabilis jalapa",1,1,0,0,1,1,"gbif"
"Miscanthus sinensis",0,0,0,0,0,0,"gbif"
"Moghania strobilifera",0,0,0,0,0,0,"caribdb"
"Mollugo verticillata",1,0,0,0,0,1,"gbif"
"Moluccella laevis",0,0,0,0,0,0,"gbif"
"Momordica balsamina",0,0,1,0,0,0,"gbif"
"Momordica charantia",1,0,1,1,0,1,"gbif"
"Monochoria vaginalis",0,0,0,0,0,0,"danielle"
"Montanoa hibiscifolia",0,0,0,0,0,0,"gbif"
"Montia fontana",0,0,0,0,0,0,"gbif"
"Moricandia arvensis",0,0,0,0,0,0,"gbif"
"Morinda citrifolia",0,1,1,1,0,1,"gbif"
"Morinda citrifolia",0,0,0,0,0,0,"caribdb"
"Moringa oleifera",0,1,1,1,1,0,"gbif"
"Morus alba",0,1,0,0,0,0,"gbif"
"Morus nigra",0,1,0,0,0,0,"gbif"
"Morus rubra",0,1,0,0,0,0,"gbif"
"Mucuna pruriens",0,0,1,1,0,0,"gbif"
"Mucuna pruriens",0,0,0,0,0,0,"caribdb"
"Muntingia calabura",0,0,0,0,0,0,"gbif"
"Muntingia calabura",0,0,0,0,0,0,"caribdb"
"Murdannia keisak",0,0,0,0,0,0,"gbif"
"Murdannia nudiflora",0,0,0,0,0,0,"gbif"
"Murdannia nudiflora",0,0,0,0,0,0,"caribdb"
"Murraya koenigii",0,0,0,0,0,0,"danielle"
"Murraya paniculata",0,0,0,0,0,0,"danielle"
"Musa acuminata",0,0,0,0,0,0,"gbif"
"Myosotis scorpioides",0,1,0,0,0,0,"gbif"
"Myriophyllum aquaticum",0,0,0,0,0,0,"danielle"
"Myriophyllum heterophyllum",0,0,0,0,0,0,"gbif"
"Myrtus communis",0,1,0,0,0,0,"gbif"
"Najas guadalupensis",0,0,0,0,1,0,"danielle"
"Najas marina",0,0,0,0,1,0,"gbif"
"Nandina domestica",0,0,0,0,0,0,"gbif"
"Narcissus tazetta",0,1,0,0,0,0,"gbif"
"Nardus stricta",0,0,0,0,0,0,"gbif"
"Nassella trichotoma",0,0,0,0,0,0,"gbif"
"Nasturtium microphyllum",0,0,0,0,0,0,"danielle"
"Nasturtium officinale",0,0,0,0,0,0,"danielle"
"Nelumbo lutea",0,0,0,0,0,0,"gbif"
"Nelumbo nucifera",0,1,0,0,0,0,"gbif"
"Nepeta cataria",0,0,0,0,0,0,"gbif"
"Nephrolepis cordifolia",0,0,0,0,0,0,"caribdb"
"Nephrolepis falcata",0,0,0,0,0,0,"danielle"
"Nephrolepis multiflora",0,0,0,0,0,0,"caribdb"
"Nerium oleander",0,1,0,1,0,1,"gbif"
"Neyraudia reynaudiana",0,0,0,0,0,0,"caribdb"
"Nicandra physalodes",0,1,0,0,0,0,"gbif"
"Nicotiana glauca",0,1,0,0,0,0,"gbif"
"Nicotiana tabacum",0,1,0,0,0,0,"gbif"
"Nigella damascena",0,1,0,0,0,0,"gbif"
"Nothoscordum gracile",0,1,0,0,0,0,"gbif"
"Nymphaea alba",0,0,0,0,0,0,"gbif"
"Nymphaea amazonum",0,0,1,0,0,0,"gbif"
"Nymphaea caerulea",0,0,0,0,0,0,"danielle"
"Nymphaea capensis",0,0,0,0,0,0,"danielle"
"Nymphaea odorata",0,0,0,0,0,0,"gbif"
"Nymphoides aquatica",0,0,0,0,0,0,"danielle"
"Nymphoides indica",0,0,1,0,0,0,"gbif"
"Nymphoides peltata",0,0,0,0,0,0,"danielle"
"Nyssa aquatica",0,0,0,0,0,0,"gbif"
"Ochna serrulata",0,0,0,0,0,0,"danielle"
"Ochna thomasiana",0,0,0,0,0,0,"danielle"
"Ocimum americanum",0,0,0,0,0,0,"gbif"
"Ocimum basilicum",1,0,1,0,0,0,"gbif"
"Ocimum gratissimum",0,0,0,0,0,0,"gbif"
"Odontonema cuspidatum",0,0,0,0,0,0,"danielle"
"Oeceoclades maculata",0,0,0,0,0,0,"gbif"
"Oeceoclades maculata",0,0,0,0,0,0,"caribdb"
"Oenothera biennis",0,0,0,0,0,0,"gbif"
"Oenothera drummondii",0,0,0,0,0,0,"gbif"
"Oenothera glazioviana",0,0,0,0,0,0,"gbif"
"Oenothera laciniata",0,1,0,0,0,0,"gbif"
"Oenothera speciosa",0,1,0,0,0,0,"gbif"
"Oenothera tetraptera",0,0,0,0,0,0,"gbif"
"Oldenlandia corymbosa",1,0,0,1,0,0,"gbif"
"Olea europaea",0,1,0,0,0,0,"gbif"
"Oplismenus hirtellus",0,0,0,0,0,0,"danielle"
"Opuntia aurantiaca",0,0,0,0,0,0,"gbif"
"Opuntia cochenillifera",0,0,0,0,0,0,"danielle"
"Opuntia elatior",0,0,0,0,0,0,"gbif"
"Opuntia ficus-indica",0,0,0,0,0,0,"danielle"
"Opuntia leucotricha",0,0,0,0,0,0,"gbif"
"Opuntia microdasys",0,0,0,0,0,0,"gbif"
"Opuntia phaeacantha",0,0,0,0,0,0,"gbif"
"Opuntia polyacantha",0,0,0,0,0,0,"gbif"
"Opuntia spinulifera",0,0,0,0,0,0,"gbif"
"Opuntia stricta",0,1,0,1,1,0,"gbif"
"Opuntia tomentosa",0,1,0,0,0,0,"gbif"
"Origanum vulgare",0,0,0,0,0,0,"gbif"
"Ormocarpum trichocarpum",0,0,0,0,0,0,"gbif"
"Ornithogalum thyrsoides",0,0,0,0,0,0,"gbif"
"Ornithogalum umbellatum",0,0,0,0,0,0,"gbif"
"Orobanche minor",0,0,0,0,0,0,"gbif"
"Orontium aquaticum",0,0,0,0,0,0,"gbif"
"Oryza punctata",0,0,0,0,0,0,"gbif"
"Oryza rufipogon",0,0,0,0,0,0,"gbif"
"Oryza sativa",0,0,0,0,0,0,"gbif"
"Oxalis barrelieri",0,0,0,0,0,0,"gbif"
"Oxalis corniculata",1,1,0,1,1,1,"gbif"
"Oxalis debilis",0,1,0,1,1,0,"gbif"
"Oxalis latifolia",0,1,0,0,1,0,"gbif"
"Oxalis pes-caprae",0,1,0,0,0,0,"gbif"
"Oxalis tetraphylla",0,0,0,0,0,0,"gbif"
"Oxalis violacea",0,0,0,0,0,0,"gbif"
"Oxyspora paniculata",0,0,0,0,0,0,"danielle"
"Pachira acuatica",0,0,0,0,0,0,"caribdb"
"Pachira aquatica",0,0,0,0,0,0,"gbif"
"Pachira insignis",0,0,0,0,0,0,"caribdb"
"Pachyrhizus erosus",0,0,0,0,0,0,"gbif"
"Paederia foetida",0,0,0,0,0,0,"gbif"
"Panicum amarum",0,1,0,0,0,0,"gbif"
"Panicum antidotale",0,0,0,0,0,0,"gbif"
"Panicum bergii",0,0,0,0,0,0,"gbif"
"Panicum capillare",0,1,0,0,0,0,"gbif"
"Panicum coloratum",0,0,0,0,0,0,"gbif"
"Panicum dichotomiflorum",0,1,0,0,1,0,"gbif"
"Panicum miliaceum",0,1,0,0,0,0,"gbif"
"Panicum repens",0,0,1,0,0,0,"gbif"
"Panicum repens",0,0,0,0,0,0,"caribdb"
"Panicum sabulorum",0,0,0,0,0,0,"gbif"
"Panicum trichoides",1,0,0,1,1,0,"gbif"
"Panicum virgatum",0,1,0,0,0,0,"gbif"
"Papaver rhoeas",0,0,0,0,0,0,"gbif"
"Papaver setigerum",0,0,0,0,0,0,"gbif"
"Papaver somniferum",0,1,0,0,0,0,"gbif"
"Parietaria floridana",0,1,0,0,0,0,"gbif"
"Parietaria judaica",1,0,0,0,0,0,"gbif"
"Parietaria officinalis",0,1,0,0,0,0,"gbif"
"Parietaria pensylvanica",0,0,0,0,0,0,"gbif"
"Parkinsonia aculeata",1,1,1,1,1,1,"gbif"
"Parkinsonia aculeata",0,0,0,0,0,0,"caribdb"
"Parmentiera cereifera",0,0,0,0,0,0,"gbif"
"Parthenium hysterophorus",1,1,1,1,1,1,"gbif"
"Parthenocissus quinquefolia",0,1,0,0,0,0,"gbif"
"Paspalum atratum",0,0,0,0,0,0,"gbif"
"Paspalum dilatatum",0,1,0,0,0,0,"gbif"
"Paspalum distichum",0,1,1,0,0,1,"gbif"
"Paspalum fasciculatum",0,0,0,0,0,0,"caribdb"
"Paspalum fimbriatum",1,0,1,1,0,0,"gbif"
"Paspalum maculosum",0,0,0,0,0,0,"gbif"
"Paspalum paniculatum",0,0,0,0,0,0,"gbif"
"Paspalum plicatulum",0,0,0,0,0,1,"gbif"
"Paspalum pumilum",0,0,0,0,0,0,"gbif"
"Paspalum scrobiculatum",0,0,0,0,0,0,"gbif"
"Paspalum urvillei",0,1,0,0,0,0,"gbif"
"Paspalum vaginatum",1,1,1,0,0,0,"gbif"
"Paspalum virgatum",0,0,0,0,0,0,"gbif"
"Passiflora biflora",0,0,0,0,0,0,"gbif"
"Passiflora biflora",0,0,0,0,0,0,"caribdb"
"Passiflora caerulea",0,1,0,0,0,0,"gbif"
"Passiflora edulis",0,1,0,1,0,0,"gbif"
"Passiflora foetida",1,0,0,1,0,1,"gbif"
"Passiflora foetida",0,0,0,0,0,0,"caribdb"
"Passiflora laurifolia",1,1,0,1,0,0,"gbif"
"Passiflora ligularis",0,0,0,0,0,0,"danielle"
"Passiflora maliformis",0,0,0,0,0,0,"gbif"
"Passiflora morifolia",0,0,0,0,0,0,"gbif"
"Passiflora quadrangularis",0,0,0,0,0,0,"gbif"
"Passiflora suberosa",1,1,1,1,1,1,"gbif"
"Passiflora subpeltata",0,0,0,0,0,0,"gbif"
"Passiflora ×violacea",0,0,0,0,0,0,"danielle"
"Pastinaca sativa",0,0,0,0,0,0,"gbif"
"Pavonia coccinea",0,0,0,0,0,0,"gbif"
"Pavonia hastata",0,0,0,0,0,0,"danielle"
"Pellaea viridis",0,0,0,0,0,0,"danielle"
"Peltophorum africanum",0,0,0,0,0,0,"gbif"
"Pennisetum ciliare",0,0,0,0,0,0,"caribdb"
"Pennisetum purpureum",0,0,0,0,0,0,"caribdb"
"Pennisetum setaceum",0,0,0,0,0,0,"caribdb"
"Pentapetes phoenicea",0,0,0,0,0,0,"gbif"
"Pentas lanceolata",0,0,0,0,0,0,"danielle"
"Peperomia pellucida",0,0,0,0,0,0,"danielle"
"Pereskia aculeata",0,0,0,0,0,0,"gbif"
"Perilla frutescens",0,0,0,0,0,0,"danielle"
"Persea americana",1,0,0,1,0,0,"gbif"
"Persicaria lapathifolia",0,0,0,0,0,0,"gbif"
"Persicaria maculosa",0,0,0,0,0,0,"gbif"
"Persicaria orientalis",0,0,0,0,0,0,"gbif"
"Petunia axillaris",0,1,0,0,0,0,"gbif"
"Phaius tankarvilleae",0,0,0,0,0,0,"danielle"
"Phalaris aquatica",0,0,0,0,0,0,"gbif"
"Phalaris arundinacea",0,0,0,0,0,1,"gbif"
"Phalaris arundinacea",0,0,0,0,0,0,"caribdb"
"Phalaris canariensis",0,1,0,0,0,0,"gbif"
"Phalaris coerulescens",0,0,0,0,0,0,"gbif"
"Phalaris minor",0,0,0,0,0,0,"gbif"
"Phalaris paradoxa",0,0,0,0,0,0,"gbif"
"Phaseolus lunatus",0,1,0,0,0,1,"gbif"
"Phleum arenarium",0,0,0,0,0,0,"gbif"
"Phleum arenarium",0,0,0,0,0,0,"gbif"
"Phleum pratense",0,1,0,0,0,0,"gbif"
"Phoenix canariensis",0,0,0,0,0,0,"danielle"
"Phoenix dactylifera",0,0,0,0,0,0,"gbif"
"Phoenix reclinata",0,0,0,0,0,0,"gbif"
"Phormium tenax",0,0,0,0,0,0,"danielle"
"Philadelphus karwinskyanus",0,0,0,0,0,0,"danielle"
"Phlebodium aureum",0,0,0,0,0,0,"danielle"
"Phoenix canariensis",0,0,0,0,0,0,"danielle"
"Phoenix reclinata",0,0,0,0,0,0,"danielle"
"Phormium tenax",0,0,0,0,0,0,"danielle"
"Photinia davidiana",0,0,0,0,0,0,"danielle"
"Phyla canescens",0,0,0,0,0,0,"danielle"
"Phyla nodiflora",1,1,1,1,1,0,"gbif"
"Phyllanthus acidus",0,0,0,0,0,0,"danielle"
"Phyllanthus amarus",1,1,0,1,1,1,"gbif"
"Phyllostachys aurea",0,0,0,0,0,0,"danielle"
"Phyllanthus emblica",0,1,0,0,0,0,"gbif"
"Phyllostachys nigra",0,0,0,0,0,0,"danielle"
"Phyllanthus niruri",0,1,0,0,0,0,"gbif"
"Phyllanthus tenellus",0,0,0,0,0,0,"gbif"
"Phyllanthus urinaria",0,0,1,0,0,0,"gbif"
"Phyllanthus urinaria",0,0,0,0,0,0,"caribdb"
"Phymatosorus scolopendria",0,1,0,0,0,0,"caribdb"
"Physalis angulata",1,1,1,0,0,1,"gbif"
"Physalis longifolia",0,0,0,0,0,0,"gbif"
"Physalis peruviana",0,1,0,0,0,0,"gbif"
"Physalis philadelphica",0,0,0,0,0,0,"gbif"
"Physalis pubescens",0,1,0,1,0,1,"gbif"
"Physalis viscosa",0,0,0,0,0,0,"gbif"
"Phytolacca americana",0,0,0,0,0,0,"gbif"
"Phytolacca dioica",0,0,0,0,0,0,"gbif"
"Picea sitchensis",0,0,0,0,0,0,"gbif"
"Pilea microphylla",0,0,0,0,0,0,"danielle"
"Pilea serpyllacea",0,0,0,0,0,0,"danielle"
"Pimenta dioica",0,1,0,0,0,0,"gbif"
"Pimenta racemosa",0,0,0,0,0,0,"danielle"
"Pinus brutia",0,0,0,0,0,0,"gbif"
"Pinus caribaea",0,0,0,0,1,0,"gbif"
"Pinus caribaea",0,0,0,0,0,0,"caribdb"
"Pinus contorta",0,0,0,0,0,0,"gbif"
"Pinus elliottii",0,0,0,0,0,0,"gbif"
"Pinus halepensis",0,1,0,0,0,0,"gbif"
"Pinus palustris",0,0,0,0,0,0,"gbif"
"Pinus patula",0,0,0,0,0,0,"danielle"
"Pinus pinaster",0,0,0,0,0,0,"gbif"
"Pinus radiata",0,0,0,0,0,0,"danielle"
"Pinus rigida",0,0,0,0,0,0,"gbif"
"Pinus sylvestris",0,0,0,0,0,0,"gbif"
"Pinus taeda",0,0,0,0,0,0,"gbif"
"Piper aduncum",1,0,0,0,0,0,"gbif"
"Piper auritum",0,0,0,0,0,0,"danielle"
"Piper lolot",0,0,0,0,0,0,"danielle"
"Piper tuberculatum",0,0,0,0,0,0,"gbif"
"Pistacia chinensis",0,0,0,0,0,0,"gbif"
"Pistia stratiotes",0,0,0,1,0,0,"gbif"
"Pistia stratiotes",0,0,0,0,0,0,"caribdb"
"Pisum sativum",1,1,0,0,0,0,"gbif"
"Pithecellobium dulce",0,0,0,0,0,0,"danielle"
"Pittosporum pentandrum",0,0,0,0,0,0,"danielle"
"Pittosporum undulatum",0,1,0,0,0,0,"gbif"
"Pittosporum undulatum",0,1,0,0,0,0,"caribdb"
"Pittosporum viridiflorum",0,0,0,0,0,0,"danielle"
"Pityrogramma calomelanos",1,0,0,1,0,1,"gbif"
"Plantago afra",0,0,0,0,0,0,"gbif"
"Plantago australis",0,0,0,0,0,0,"gbif"
"Plantago lanceolata",0,1,0,0,0,0,"gbif"
"Plantago major",1,1,0,0,0,1,"gbif"
"Plantago rugelii",0,0,0,0,0,0,"gbif"
"Plantago virginica",0,1,0,0,0,0,"gbif"
"Platanus hybrida",0,1,0,0,0,0,"gbif"
"Platanus occidentalis",0,1,0,0,0,0,"gbif"
"Platycerium bifurcatum",0,0,0,0,0,0,"danielle"
"Platycerium superbum",0,0,0,0,0,0,"danielle"
"Platymiscium stipulare ",0,0,0,0,0,0,"danielle"
"Pluchea dioscoridis",0,0,0,0,0,0,"gbif"
"Pluchea odorata",1,1,1,1,1,1,"gbif"
"Pluchea sagittalis",0,0,0,0,0,0,"gbif"
"Plumbago auriculata",0,0,1,1,0,0,"gbif"
"Poa annua",0,1,0,0,0,0,"gbif"
"Poa bulbosa",0,0,0,0,0,0,"gbif"
"Poa compressa",0,0,0,0,0,0,"gbif"
"Poa infirma",0,0,0,0,0,0,"gbif"
"Poa pratensis",0,1,0,0,0,0,"gbif"
"Poa trivialis",0,0,0,0,0,0,"gbif"
"Polygala myrtifolia",0,0,0,0,0,0,"gbif"
"Polygala paniculata",0,0,0,0,0,0,"gbif"
"Polygala vulgaris",0,0,0,0,0,0,"gbif"
"Polygonum aviculare",0,0,0,0,0,0,"gbif"
"Polygonum chinense",0,0,0,0,0,0,"caribdb"
"Polypogon interruptus",0,1,0,0,0,0,"gbif"
"Polypogon maritimus",0,0,0,0,0,0,"gbif"
"Polypogon viridis",0,0,0,0,0,0,"gbif"
"Polypremum procumbens",0,0,0,0,0,0,"gbif"
"Pontederia cordata",0,0,0,0,0,0,"gbif"
"Populus alba",0,0,0,0,0,0,"gbif"
"Populus balsamifera",0,0,0,0,0,0,"gbif"
"Populus nigra",0,0,0,0,0,0,"gbif"
"Populus tremula",0,0,0,0,0,0,"gbif"
"Populus tremuloides",0,0,0,0,0,0,"gbif"
"Porophyllum ruderale",1,0,0,1,0,0,"gbif"
"Portulaca grandiflora",0,0,0,0,0,0,"gbif"
"Portulaca oleracea",1,1,1,0,1,1,"gbif"
"Portulaca pilosa",0,0,1,1,1,0,"gbif"
"Portulaca quadrifida",0,0,0,1,0,1,"gbif"
"Potamogeton crispus",0,0,0,0,0,0,"gbif"
"Potamogeton diversifolius",0,0,0,0,0,0,"gbif"
"Potamogeton epihydrus",0,0,0,0,0,0,"gbif"
"Potamogeton foliosus",0,0,0,0,0,0,"gbif"
"Potamogeton illinoensis",0,0,0,0,0,0,"gbif"
"Potamogeton natans",0,0,0,0,0,0,"gbif"
"Potamogeton nodosus",0,0,0,0,0,0,"gbif"
"Potamogeton pusillus",0,0,0,0,0,0,"gbif"
"Potentilla norvegica",0,0,0,0,0,0,"gbif"
"Potentilla reptans",0,1,0,0,0,0,"gbif"
"Pouteria campechiana",0,0,1,0,0,0,"gbif"
"Proboscidea louisiana",0,0,0,0,0,0,"gbif"
"Procambarus clarkii",0,0,0,0,0,0,"caribdb"
"Prosopis chilensis",0,0,0,0,0,0,"caribdb"
"Prosopis flexuosa",0,0,0,0,0,0,"gbif"
"Prosopis glandulosa",0,0,0,0,0,0,"gbif"
"Prosopis juliflora",0,0,0,0,0,0,"caribdb"
"Prosopis pallida",0,0,0,0,0,0,"caribdb"
"Prunella vulgaris",0,1,0,0,0,0,"gbif"
"Prunus americana",0,0,0,0,0,0,"gbif"
"Prunus cerasifera",0,0,0,0,0,0,"gbif"
"Prunus domestica",0,0,0,0,0,0,"gbif"
"Prunus laurocerasus",0,0,0,0,0,0,"gbif"
"Prunus lusitanica",0,0,0,0,0,0,"gbif"
"Prunus mahaleb",0,0,0,0,0,0,"gbif"
"Prunus serotina",0,0,0,0,0,0,"gbif"
"Prunus spinosa",0,0,0,0,0,0,"gbif"
"Pseudotsuga menziesii",0,0,0,0,0,0,"gbif"
"Psidium guajava",1,1,1,1,0,1,"gbif"
"Psidium guajava",0,1,0,0,0,0,"caribdb"
"Psidium guineense",0,0,0,0,0,0,"gbif"
"Psilurus incurvus",0,0,0,0,0,0,"gbif"
"Psoralea pinnata",0,0,0,0,0,0,"gbif"
"Ptelea trifoliata",0,0,0,0,0,0,"gbif"
"Pteridium aquilinum",0,0,1,0,0,0,"gbif"
"Pteridium aquilinum",0,0,0,0,0,0,"caribdb"
"Pteris vittata",0,1,0,0,0,0,"gbif"
"Ptychosperma elegans",0,0,0,0,0,0,"danielle"
"Ptychosperma macarthurii",0,0,0,0,0,0,"caribdb"
"Pueraria montana",0,0,0,0,0,0,"gbif"
"Punica granatum",0,0,1,0,0,0,"gbif"
"Puya chilensis",0,0,0,0,0,0,"gbif"
"Pyracantha koidzumii",0,0,0,0,0,0,"gbif"
"Pyrus communis",0,0,0,0,0,0,"gbif"
"Quercus alba",0,0,0,0,0,0,"gbif"
"Quercus coccinea",0,0,0,0,0,0,"gbif"
"Quercus ilex",0,0,0,1,0,0,"gbif"
"Quercus palustris",0,0,0,0,0,0,"gbif"
"Quercus phellos",0,0,0,0,0,0,"gbif"
"Quercus shumardii",0,0,0,0,0,0,"gbif"
"Quercus suber",0,0,0,0,0,0,"gbif"
"Quercus virginiana",0,0,0,0,0,0,"gbif"
"Ranunculus abortivus",0,0,0,0,0,0,"gbif"
"Ranunculus acris",0,1,0,0,0,0,"gbif"
"Ranunculus arvensis",0,1,0,0,0,0,"gbif"
"Ranunculus muricatus",0,1,0,0,0,0,"gbif"
"Ranunculus parviflorus",0,1,0,0,0,0,"gbif"
"Ranunculus repens",0,1,0,0,0,0,"gbif"
"Raphanus raphanistrum",0,1,0,0,0,0,"gbif"
"Raphanus sativus",0,1,0,0,0,0,"gbif"
"Rapistrum rugosum",0,0,0,0,0,0,"gbif"
"Rauvolfia tetraphylla",0,0,0,0,0,0,"gbif"
"Reseda alba",0,0,0,0,0,0,"gbif"
"Reseda luteola",0,0,0,0,0,0,"gbif"
"Reseda odorata",0,0,0,0,0,0,"gbif"
"Retama monosperma",0,0,0,0,0,0,"gbif"
"Rhamnus cathartica",0,0,0,0,0,0,"gbif"
"Rhizophora mangle",1,1,1,1,1,1,"gbif"
"Rhoeo spathacea",0,0,2,0,0,0,"caribdb"
"Rhynchelytrum repens",0,0,0,0,0,0,"caribdb"
"Rhynchospora corymbosa",0,0,0,0,0,0,"gbif"
"Ribes menziesii",0,0,0,0,0,0,"gbif"
"Richardia scabra",0,0,0,0,0,0,"gbif"
"Ricinus communis",1,1,1,1,1,0,"gbif"
"Ricinus communis",0,0,0,0,0,0,"caribdb"
"Rivina humilis",1,0,1,1,1,1,"gbif"
"Robinia pseudoacacia",0,0,0,0,0,0,"gbif"
"Rorippa indica",0,0,0,0,0,0,"gbif"
"Rorippa palustris",0,0,0,0,0,0,"gbif"
"Rosa canina",0,0,0,0,0,0,"gbif"
"Rosa chinensis",0,0,0,0,0,0,"gbif"
"Rosa laevigata",0,1,0,0,0,0,"gbif"
"Rosa multiflora",0,0,0,0,0,0,"gbif"
"Rosa roxburghii",0,0,0,0,0,0,"gbif"
"Rosa rugosa",0,0,0,0,0,0,"gbif"
"Rostraria cristata",0,1,0,0,0,0,"gbif"
"Rottboelia exaltata",0,0,0,0,0,0,"caribdb"
"Rottboellia cochinchinensis",0,0,0,0,0,0,"gbif"
"Rottboellia cochinchinensis",0,0,0,0,0,0,"caribdb"
"Rubus argutus",0,0,0,0,0,0,"gbif"
"Rubus ellipticus",0,1,0,0,0,0,"gbif"
"Rubus fraxinifolius",0,0,0,0,0,0,"gbif"
"Rubus fruticosus",0,0,0,0,0,0,"gbif"
"Rubus idaeus",0,0,0,0,0,0,"gbif"
"Rubus moluccanus",0,0,0,0,0,0,"gbif"
"Rubus niveus",0,0,0,0,0,0,"gbif"
"Rubus parvifolius",0,0,0,0,0,0,"gbif"
"Rubus phoenicolasius",0,0,0,0,0,0,"gbif"
"Rubus pinnatus",0,0,0,0,0,0,"gbif"
"Rubus rosifolius",1,0,0,1,0,0,"gbif"
"Rubus spectabilis",0,0,0,0,0,0,"gbif"
"Rubus trivialis",0,1,0,0,0,0,"gbif"
"Rubus vitifolius",0,1,0,0,0,0,"gbif"
"Rudbeckia hirta",0,0,0,0,0,0,"gbif"
"Ruellia brevifolia",0,0,0,0,0,0,"danielle"
"Ruellia brittoniana",0,0,0,0,0,0,"danielle"
"Ruellia devosiana",0,0,0,0,0,0,"danielle"
"Ruellia malacosperma",0,0,0,0,0,0,"gbif"
"Ruellia prostrata",0,0,0,0,0,0,"gbif"
"Ruellia tuberosa",1,0,1,1,1,1,"gbif"
"Rumex acetosa",0,0,0,0,0,0,"gbif"
"Rumex acetosella",0,0,0,0,0,0,"gbif"
"Rumex conglomeratus",0,0,0,0,0,0,"gbif"
"Rumex crispus",0,1,0,0,0,0,"gbif"
"Rumex longifolius",0,0,0,0,0,0,"gbif"
"Rumex maritimus",0,0,0,0,0,1,"gbif"
"Rumex obtusifolius",0,0,0,0,0,0,"gbif"
"Rumex patientia",0,0,0,0,0,0,"gbif"
"Rumex pulcher",0,1,0,0,0,0,"gbif"
"Rumex vesicarius",0,0,0,0,0,0,"gbif"
"Ruppia maritima",1,1,0,0,1,1,"gbif"
"Ruscus aculeatus",0,0,0,1,0,0,"gbif"
"Russelia equisetiformis",0,1,1,0,0,0,"gbif"
"Ruta graveolens",0,0,0,0,0,0,"gbif"
"Sabal mauritiiformis",0,0,0,0,0,0,"danielle"
"Sabal minor",0,0,0,0,0,0,"gbif"
"Sabal palmetto",0,0,0,0,0,0,"danielle"
"Saccharum officinarum",0,0,0,0,0,0,"gbif"
"Saccharum spontaneum",0,0,0,0,0,0,"gbif"
"Sacciolepis indica",0,0,0,0,0,0,"gbif"
"Sacciolepis indica",0,0,0,0,0,0,"caribdb"
"Sagina apetala",0,0,0,0,0,0,"gbif"
"Sagina procumbens",0,0,0,0,0,0,"gbif"
"Sagittaria graminea",0,0,0,0,0,0,"gbif"
"Sagittaria guayanensis",0,0,0,0,0,0,"gbif"
"Sagittaria latifolia",0,0,0,0,0,0,"gbif"
"Sagittaria montevidensis",0,0,0,0,0,0,"gbif"
"Sagittaria sagittifolia",0,0,0,0,0,0,"caribdb"
"Salix alba",0,0,0,0,0,0,"gbif"
"Salix babylonica",0,1,0,0,0,0,"gbif"
"Salix caprea",0,0,0,0,0,0,"gbif"
"Salix caroliniana",0,0,0,0,0,0,"gbif"
"Salix discolor",0,0,0,0,0,0,"gbif"
"Salix humboldtiana",0,1,0,0,0,0,"gbif"
"Salix laevigata",0,0,0,0,0,0,"gbif"
"Salix purpurea",0,0,0,0,0,1,"gbif"
"Salix viminalis",0,0,0,0,0,0,"gbif"
"Salvia coccinea",0,1,0,1,0,0,"gbif"
"Salvia leucantha",0,0,0,0,0,0,"gbif"
"Salvia misella",0,0,0,0,0,0,"gbif"
"Salvia sclarea",0,0,0,0,0,0,"gbif"
"Salvinia auriculata",0,1,0,0,0,0,"gbif"
"Salvinia molesta",0,0,0,0,0,0,"danielle"
"Salvinia natans",0,0,0,0,0,0,"gbif"
"Salvinia nymphellula",0,0,0,0,0,0,"gbif"
"Samanea saman",0,0,0,0,0,0,"caribdb"
"Sambucus canadensis",0,1,0,0,0,0,"gbif"
"Sambucus mexicana",0,0,0,0,0,0,"danielle"
"Sambucus nigra",0,0,0,0,0,0,"gbif"
"Samolus valerandi",0,0,0,0,0,0,"gbif"
"Sanchezia parvibracteata",0,0,0,0,0,0,"gbif"
"Sanchezia speciosa",0,0,0,0,0,0,"danielle"
"Sansevieria hyacinthoides",0,0,1,0,1,0,"gbif"
"Sansevieria hyacinthoides",0,0,1,0,0,0,"caribdb"
"Sansevieria trifasciata",0,0,0,0,0,0,"gbif"
"Sapium sebiferum",0,0,0,0,0,0,"danielle"
"Saponaria officinalis",0,0,0,0,0,0,"gbif"
"Sargassum muticum",0,0,0,0,0,0,"caribdb"
"Sassafras albidum",0,0,0,0,0,0,"gbif"
"Satureja hortensis",0,0,0,0,0,0,"gbif"
"Scaevola sericea",0,0,1,0,0,1,"caribdb"
"Scaevola taccada",0,0,0,0,0,0,"caribdb"
"Schefflera actinophylla",0,1,0,0,0,0,"caribdb"
"Schefflera arboricola",0,0,0,0,0,0,"danielle"
"Schinus areira",0,1,0,0,0,0,"gbif"
"Schinus molle",0,0,0,0,0,0,"gbif"
"Schinus terebinthifolia",0,0,0,0,1,0,"gbif"
"Schinus terebinthifolius",0,1,0,0,0,0,"caribdb"
"Scleranthus annuus",0,0,0,0,0,0,"gbif"
"Scolymus hispanicus",0,0,0,0,0,0,"gbif"
"Scoparia dulcis",1,0,0,1,1,1,"gbif"
"Scorpiurus muricatus",0,0,0,0,0,0,"gbif"
"Scutellaria racemosa",0,0,0,0,0,0,"gbif"
"Secale cereale",0,0,0,0,0,0,"gbif"
"Sedum dendroideum",0,0,0,0,0,0,"gbif"
"Selaginella plana",0,0,0,1,0,0,"gbif"
"Selaginella umbrosa",0,0,0,0,0,0,"gbif"
"Senecio inaequidens",0,0,0,0,0,0,"gbif"
"Senecio madagascariensis",0,0,0,0,0,0,"gbif"
"Senecio squalidus",0,0,0,0,0,0,"gbif"
"Senecio tamoides",0,0,0,0,0,0,"gbif"
"Senecio vulgaris",0,1,0,0,0,0,"gbif"
"Senna alata",1,0,0,1,1,0,"gbif"
"Senna occidentalis",1,1,1,1,0,1,"gbif"
"Senna siamea",0,0,0,0,0,0,"caribdb"
"Senna surattensis",0,0,0,0,0,0,"danielle"
"Senna tora",0,0,0,0,0,0,"gbif"
"Sesamum indicum",0,0,0,0,0,0,"gbif"
"Sesbania grandiflora",1,0,1,1,1,0,"gbif"
"Setaria barbata",0,0,0,0,0,0,"gbif"
"Setaria palmifolia",0,0,0,0,0,0,"danielle"
"Setaria parviflora",0,1,1,0,1,0,"gbif"
"Sherardia arvensis",0,1,0,0,0,0,"gbif"
"Sida acuta",0,0,0,0,0,0,"caribdb"
"Sida cordifolia",1,0,0,1,0,0,"gbif"
"Sida fallax",0,1,0,0,0,0,"gbif"
"Sida rhombifolia",0,1,0,1,0,0,"gbif"
"Sida rhombifolia",0,0,0,0,0,0,"caribdb"
"Sida spinosa",1,0,0,1,1,0,"gbif"
"Sideroxylon persimile",0,0,0,0,0,0,"danielle"
"Sigesbeckia orientalis",0,0,0,0,0,0,"gbif"
"Silene dioica",0,0,0,0,0,0,"gbif"
"Silene gallica",0,1,0,0,0,0,"gbif"
"Silene noctiflora",0,1,0,0,0,0,"gbif"
"Silene vulgaris",0,1,0,0,0,0,"gbif"
"Sinapis alba",0,0,0,0,0,0,"gbif"
"Sinapis arvensis",0,1,0,0,0,0,"gbif"
"Sisymbrium altissimum",0,0,0,0,0,0,"gbif"
"Sisymbrium erysimoides",0,1,0,0,0,0,"gbif"
"Sisymbrium officinale",0,1,0,0,0,0,"gbif"
"Sisyrinchium micranthum",0,0,0,0,0,0,"gbif"
"Sium suave",0,0,0,0,0,0,"gbif"
"Smilax laurifolia",0,0,0,0,0,0,"gbif"
"Solanum aculeatissimum",1,0,0,0,0,0,"gbif"
"Solanum americanum",1,1,1,1,1,1,"gbif"
"Solanum betaceum",0,0,0,0,0,0,"gbif"
"Solanum capsicoides",0,1,0,1,0,0,"gbif"
"Solanum cardiophyllum",0,0,0,0,0,0,"gbif"
"Solanum diphyllum",0,0,0,0,0,0,"gbif"
"Solanum douglasii",0,0,0,0,0,0,"gbif"
"Solanum dulcamara",0,0,0,0,0,0,"gbif"
"Solanum elaeagnifolium",0,0,0,0,0,1,"gbif"
"Solanum furcatum",0,0,0,0,0,0,"gbif"
"Solanum jamaicense",1,0,0,0,0,0,"gbif"
"Solanum lanceolatum",0,0,0,0,0,0,"gbif"
"Solanum linnaeanum",0,0,0,0,0,0,"gbif"
"Solanum mauritianum",0,0,0,0,0,0,"gbif"
"Solanum nigrum",0,1,0,0,0,0,"gbif"
"Solanum physalifolium",0,0,0,0,0,0,"gbif"
"Solanum pseudocapsicum",0,0,0,0,0,0,"gbif"
"Solanum seaforthianum",1,1,0,1,0,1,"gbif"
"Solanum sisymbriifolium",0,0,0,0,0,0,"gbif"
"Solanum tampicense",0,0,1,0,0,0,"gbif"
"Solanum torvum",1,1,1,1,1,1,"gbif"
"Solanum torvum",0,0,0,0,0,0,"caribdb"
"Solanum tuberosum",0,1,0,1,0,0,"gbif"
"Solanum viarum",0,0,0,0,0,0,"gbif"
"Solanum viarum",0,0,0,0,0,0,"caribdb"
"Solanum villosum",0,0,0,0,0,0,"gbif"
"Soleirolia soleirolii",0,0,0,0,0,0,"gbif"
"Solidago altissima",0,0,0,0,0,0,"gbif"
"Solidago canadensis",0,0,0,0,0,0,"danielle"
"Solidago chilensis",1,0,0,0,0,0,"gbif"
"Solidago missouriensis",0,0,0,0,0,0,"gbif"
"Solidago sempervirens",0,1,0,0,0,0,"gbif"
"Solidago sempervirens",0,0,0,0,0,0,"caribdb"
"Sonchus arvensis",0,0,0,0,0,0,"gbif"
"Sonchus asper",0,0,0,0,0,0,"caribdb"
"Sonchus oleraceus",1,1,0,1,1,0,"gbif"
"Sorbus aucuparia",0,0,0,0,0,0,"gbif"
"Sorghum almum",0,0,0,0,0,0,"gbif"
"Sorghum arundinaceum",0,0,0,0,0,0,"gbif"
"Sorghum bicolor",0,1,1,0,0,0,"gbif"
"Sorghum halepense",0,0,0,0,0,0,"caribdb"
"Sparganium americanum",0,0,0,0,0,0,"gbif"
"Spartina alterniflora",0,0,0,0,0,0,"caribdb"
"Spartium junceum",0,0,0,0,0,0,"gbif"
"Spathodea campanulata",0,0,0,0,0,0,"caribdb"
"Spathoglottis plicata",0,0,0,0,0,0,"danielle"
"Spergula arvensis",0,0,0,0,0,0,"gbif"
"Spergularia marina",0,1,0,0,0,0,"gbif"
"Sphagneticola trilobata",1,0,1,0,1,1,"gbif"
"Sphagneticola trilobata",0,1,0,0,0,0,"caribdb"
"Sphenoclea zeylanica",0,0,0,0,0,0,"gbif"
"Sphenoclea zeylanica",0,0,0,0,0,0,"caribdb"
"Spigelia anthelmia",1,0,1,1,1,0,"gbif"
"Spinacia oleracea",0,0,0,0,0,0,"gbif"
"Spiraea cantoniensis",0,1,0,0,0,0,"gbif"
"Spirodela polyrhiza",0,0,0,0,0,0,"gbif"
"Spondias purpurea",1,1,0,0,0,1,"gbif"
"Stachys annua",0,0,0,0,0,0,"gbif"
"Stachys arvensis",0,1,0,0,0,0,"gbif"
"Stachytarpheta cayennensis",0,0,0,1,0,0,"gbif"
"Stachytarpheta mutabilis",0,0,0,0,0,0,"danielle"
"Stachytarpheta urticifolia",0,0,0,0,0,0,"gbif"
"Stachytarpheta urticifolia",0,0,0,0,0,0,"caribdb"
"Stapelia gigantea",0,0,0,0,0,0,"danielle"
"Stellaria media",0,1,0,0,0,0,"gbif"
"Sterculia apetala",0,0,0,0,0,0,"caribdb"
"Striga asiatica",0,0,0,0,0,0,"gbif"
"Striga hermonthica",0,0,0,0,0,0,"gbif"
"Strychnos spinosa",0,0,0,0,0,0,"gbif"
"Stylosanthes guianensis",0,0,0,0,0,0,"gbif"
"Stylosanthes humilis",0,0,0,0,0,0,"gbif"
"Stylosanthes scabra",0,0,0,0,0,0,"gbif"
"Syagrus romanzoffiana",0,0,0,0,0,0,"gbif"
"Symphytum officinale",0,0,0,0,0,0,"gbif"
"Syngonium podophyllum",0,0,0,1,0,0,"gbif"
"Syngonium podophyllum",0,0,0,0,0,0,"caribdb"
"Syringa vulgaris",0,0,0,0,0,0,"gbif"
"Syzygium cumini",0,1,0,1,0,0,"gbif"
"Syzygium jambos",0,1,0,1,0,1,"gbif"
"Syzygium jambos",0,1,0,0,0,0,"caribdb"
"Tabebuia heterophylla",1,1,1,1,1,1,"gbif"
"Tabebuia heterophylla",0,1,1,0,0,0,"caribdb"
"Tabebuia pentaphylla",0,0,0,0,0,0,"caribdb"
"Tabebuia rosea",0,0,0,0,0,0,"danielle"
"Tagetes minuta",0,0,0,0,0,0,"gbif"
"Tamarindus indica",1,0,1,1,1,1,"gbif"
"Tamarindus indica",0,0,0,0,0,0,"caribdb"
"Tanacetum vulgare",0,0,0,0,0,0,"gbif"
"Tanaecium exitiosum",0,0,0,0,0,0,"gbif"
"Taxus brevifolia",0,0,0,0,0,0,"gbif"
"Tecoma castanifolia",0,0,0,0,0,0,"danielle"
"Tecoma stans",0,0,0,0,0,0,"danielle"
"Tectaria incisa",1,0,0,1,0,0,"gbif"
"Tephrosia candida",1,0,0,0,0,0,"gbif"
"Tephrosia nana",0,0,0,0,0,0,"gbif"
"Terminalia catappa",1,1,1,1,0,1,"gbif"
"Terminalia myriocarpa",0,0,0,0,0,0,"danielle"
"Tetragonia tetragonioides",0,0,0,0,0,0,"danielle"
"Tetrastigma pubinerve",0,0,0,0,0,0,"danielle"
"Tetrastigma voinierianum",0,0,0,0,0,0,"danielle"
"Tetrazygia bicolor",0,0,0,0,0,0,"danielle"
"Teucrium canadense",0,0,0,0,0,0,"gbif"
"Themeda quadrivalvis",0,0,0,0,0,0,"gbif"
"Thevetia peruviana",1,0,0,0,0,0,"caribdb"
"Thuja occidentalis",0,0,0,0,0,0,"gbif"
"Thunbergia alata",1,0,0,1,0,0,"gbif"
"Thunbergia fragrans",1,0,0,1,0,1,"gbif"
"Thunbergia grandiflora",0,0,0,1,0,0,"gbif"
"Thunbergia laurifolia",0,0,0,0,0,0,"gbif"
"Thymus vulgaris",0,1,0,0,0,0,"gbif"
"Tibouchina herbacea",0,0,0,0,0,0,"danielle"
"Tibouchina urvilleana",0,0,0,0,0,0,"danielle"
"Tidestromia lanuginosa",0,0,0,0,0,0,"gbif"
"Tillandsia adpressiflora",0,0,0,0,0,0,"danielle"
"Tillandsia anceps",0,0,0,0,0,0,"danielle"
"Tillandsia baileyi",0,0,0,0,0,0,"danielle"
"Tillandsia bandensis",0,0,0,0,0,0,"danielle"
"Tillandsia bartramii",0,0,0,0,0,0,"danielle"
"Tillandsia biflora",0,0,0,0,0,0,"danielle"
"Tillandsia bulbosa",0,0,0,0,0,0,"danielle"
"Tillandsia capillaris",0,0,0,0,0,0,"danielle"
"Tillandsia compacta",0,0,0,0,0,0,"danielle"
"Tillandsia compressa",0,0,0,0,0,0,"danielle"
"Tillandsia elongata var. subimbricata",0,0,0,0,0,0,"danielle"
"Tillandsia excelsa",0,0,0,0,0,0,"danielle"
"Tillandsia fendleri",0,0,0,0,0,0,"danielle"
"Tillandsia flexuosa",0,0,0,0,0,0,"danielle"
"Tillandsia geminiflora",0,0,0,0,0,0,"danielle"
"Tillandsia longifolia",0,0,0,0,0,0,"danielle"
"Tillandsia paraensis",0,0,0,0,0,0,"danielle"
"Tillandsia paucifolia",0,0,0,0,0,0,"danielle"
"Tillandsia pohliana",0,0,0,0,0,0,"danielle"
"Tillandsia pruinosa",0,0,0,0,0,0,"danielle"
"Tipuana tipu",0,0,0,0,0,0,"gbif"
"Tithonia diversifolia",0,0,0,0,0,0,"danielle"
"Tithonia rotundifolia",0,0,0,0,0,0,"danielle"
"Tolpis barbata",0,0,0,0,0,0,"gbif"
"Toona ciliata",0,0,0,0,0,0,"danielle"
"Torilis nodosa",0,1,0,0,0,0,"gbif"
"Tournefortia argentea",0,0,0,0,0,0,"danielle"
"Toxicodendron radicans",0,1,0,0,0,0,"gbif"
"Tradescantia crassifolia",0,0,0,0,0,0,"gbif"
"Tradescantia fluminensis",0,0,0,0,0,0,"gbif"
"Tradescantia spathacea",0,1,1,0,0,0,"gbif"
"Tragia benthamii",0,0,0,0,0,0,"gbif"
"Tragopogon dubius",0,0,0,0,0,0,"gbif"
"Tragopogon porrifolius",0,0,0,0,0,0,"gbif"
"Tragopogon pratensis",0,0,0,0,0,0,"gbif"
"Trema micrantha",1,0,0,1,0,1,"gbif"
"Trianthema portulacastrum",1,0,0,1,1,1,"gbif"
"Tribulus cistoides",0,0,1,0,1,1,"gbif"
"Tribulus terrestris",0,0,1,0,1,0,"gbif"
"Trichostema dichotomum",0,0,0,0,0,0,"gbif"
"Tridax procumbens",0,0,1,0,1,0,"gbif"
"Trifolium arvense",0,0,0,0,0,0,"gbif"
"Trifolium campestre",0,0,0,0,0,0,"gbif"
"Trifolium dubium",0,0,0,0,0,0,"gbif"
"Trifolium hybridum",0,0,0,0,0,0,"gbif"
"Trifolium incarnatum",0,0,0,0,0,0,"gbif"
"Trifolium micranthum",0,0,0,0,0,0,"gbif"
"Trifolium pratense",0,1,0,0,0,0,"gbif"
"Trifolium repens",0,0,0,0,0,0,"gbif"
"Triphasia trifolia",0,0,0,0,0,0,"caribdb"
"Triticum aestivum",0,0,0,0,0,0,"gbif"
"Triumfetta pilosa",0,0,0,0,0,0,"gbif"
"Triumfetta rhomboidea",0,0,1,0,0,1,"gbif"
"Triumfetta semitriloba",1,1,1,1,0,1,"gbif"
"Tropaeolum majus",0,0,0,0,0,0,"gbif"
"Tuberaria guttata",0,0,0,0,0,0,"gbif"
"Tulbaghia violacea",0,0,0,0,0,0,"gbif"
"Turnera ulmifolia",1,1,1,0,1,1,"gbif"
"Typha angustifolia",0,0,1,0,0,0,"gbif"
"Typha domingensis",0,1,0,0,0,0,"gbif"
"Typha domingensis",0,0,0,0,0,0,"caribdb"
"Typha latifolia",0,0,0,0,0,0,"gbif"
"Typhonium trilobatum",0,0,0,0,0,0,"gbif"
"Ulex europaeus",0,0,0,0,0,0,"gbif"
"Ulmus americana",0,0,0,0,0,0,"gbif"
"Ulmus parvifolia",0,0,0,0,0,0,"gbif"
"Ulmus pumila",0,0,0,0,0,0,"gbif"
"Uniola paniculata",0,0,0,0,1,0,"gbif"
"Urena lobata",1,0,0,1,0,1,"gbif"
"Urochloa maxima",0,1,0,0,0,0,"caribdb"
"Urtica dioica",0,0,0,0,0,0,"gbif"
"Urtica urens",0,1,0,0,0,0,"gbif"
"Utricularia foliosa",0,0,0,0,0,0,"gbif"
"Utricularia gibba",1,0,0,1,0,0,"gbif"
"Utricularia purpurea",0,0,0,0,0,0,"gbif"
"Vaccaria hispanica",0,0,0,0,0,0,"gbif"
"Valeriana officinalis",0,0,0,0,0,0,"gbif"
"Vallisneria americana",0,0,0,0,0,0,"gbif"
"Verbascum blattaria",0,0,0,0,0,0,"gbif"
"Verbascum thapsus",0,1,0,0,0,0,"gbif"
"Verbascum virgatum",0,1,0,0,0,0,"gbif"
"Verbena bipinnatifida",0,0,0,0,0,0,"gbif"
"Verbena bonariensis",0,1,0,0,0,0,"gbif"
"Verbena hastata",0,0,0,0,0,0,"gbif"
"Verbena hispida",0,0,0,0,0,0,"gbif"
"Verbena litoralis",0,0,0,0,0,0,"gbif"
"Verbena officinalis",0,1,0,0,0,0,"gbif"
"Verbena rigida",0,1,0,0,0,0,"gbif"
"Verbena rigida",0,1,0,0,0,0,"caribdb"
"Verbena urticifolia",0,0,0,0,0,0,"gbif"
"Vernicia fordii",0,0,0,0,0,0,"gbif"
"Vernonia cinerea",0,0,0,0,0,0,"caribdb"
"Veronica agrestis",0,1,0,0,0,0,"gbif"
"Veronica arvensis",0,1,0,0,0,0,"gbif"
"Veronica peregrina",0,1,0,0,0,0,"gbif"
"Veronica persica",0,0,0,0,0,0,"gbif"
"Veronica serpyllifolia",0,0,0,0,0,0,"gbif"
"Veronica spicata",0,0,0,0,0,0,"gbif"
"Verschaffeltia splendida",0,0,0,0,0,0,"danielle"
"Viburnum lantana",0,0,0,0,0,0,"gbif"
"Viburnum opulus",0,0,0,0,0,0,"gbif"
"Viburnum tinus",0,1,0,0,0,0,"gbif"
"Vicia articulata",0,0,0,0,0,0,"gbif"
"Vicia benghalensis",0,0,0,0,0,0,"gbif"
"Vicia disperma",0,0,0,0,0,0,"gbif"
"Vicia lutea",0,0,0,0,0,0,"gbif"
"Vicia sativa",0,1,0,0,0,0,"gbif"
"Vicia villosa",0,1,0,0,0,0,"gbif"
"Vigna hosei",0,0,0,0,0,0,"gbif"
"Vigna mungo",0,0,0,0,0,0,"gbif"
"Viguiera dentata",0,0,0,0,0,0,"gbif"
"Vinca major",0,0,0,0,0,0,"gbif"
"Vinca minor",0,0,0,0,0,0,"gbif"
"Viola arvensis",0,0,0,0,0,0,"gbif"
"Viola odorata",0,1,0,0,0,0,"gbif"
"Viola tricolor",0,0,0,0,0,0,"gbif"
"Vitex negundo",0,0,0,0,0,0,"danielle"
"Vitex parviflora",0,0,0,0,0,0,"danielle"
"Vitex pinnata",0,0,0,0,0,0,"danielle"
"Vitex rotundifolia",0,0,0,0,0,0,"danielle"
"Vitex trifolia",0,0,0,0,0,0,"gbif"
"Vitis aestivalis",0,0,0,0,0,0,"gbif"
"Vitis rotundifolia",0,0,0,0,0,0,"gbif"
"Vitis vulpina",0,0,0,0,0,0,"gbif"
"Washingtonia filifera",0,0,0,0,0,0,"danielle"
"Washingtonia robusta",0,0,0,0,0,0,"danielle"
"Wigandia urens",0,0,0,0,0,0,"gbif"
"Xanthium orientale",0,0,0,0,0,0,"gbif"
"Xanthium spinosum",0,0,0,0,0,0,"gbif"
"Xanthium strumarium",0,1,0,0,0,1,"gbif"
"Xanthium strumarium",0,0,0,0,0,0,"caribdb"
"Xanthosoma roseum",0,0,0,0,0,0,"danielle"
"Xanthosoma sagittifolium",0,1,0,0,0,0,"gbif"
"Youngia japonica",0,0,0,0,0,0,"caribdb"
"Yucca aloifolia",0,1,0,0,0,0,"gbif"
"Yucca filamentosa",0,0,0,0,0,0,"gbif"
"Yucca gloriosa",0,0,0,0,0,1,"gbif"
"Zantedeschia aethiopica",0,1,0,0,0,0,"gbif"
"Zea mays",1,0,1,0,0,1,"gbif"
"Zephyranthes atamasco",0,0,0,0,0,0,"gbif"
"Zephyranthes citrina",0,0,0,0,0,0,"danielle"
"Zephyranthes grandiflora",0,0,0,0,0,0,"danielle"
"Zingiber officinale",0,0,0,0,0,0,"gbif"
"Zinnia peruviana",1,0,0,0,0,0,"gbif"
"Zizania aquatica",0,0,0,0,0,0,"gbif"
"Ziziphus mauritiana",1,0,1,0,0,0,"gbif"
"Ziziphus mauritiana",0,0,0,0,0,0,"caribdb"
"Ziziphus mucronata",0,0,0,0,0,0,"gbif"
"Zostera marina",0,0,0,0,0,0,"gbif"
"Zoysia japonica",0,0,0,0,0,0,"gbif"
"Zygophyllum fabago",0,0,0,0,0,0,"gbif"
