"","name","source","Af","Am","As","Aw","Any_A","Cfa","Cfb","Cs","Cw","Notes","TNRSacceptedname","new"
"1","Acacia dealbata","CyprusLongList",1,NA,NA,NA,1,1,1,1,1,"Mainly Mediterranean",NA,NA
"2","Acacia melanoxylon","EU_GB_combined",1,NA,NA,NA,1,1,1,1,NA,"","Acacia melanoxylon","Y"
"9","Albizia lebbeck","EULongList",1,NA,NA,1,1,1,NA,1,NA,"Mainly Aw",NA,NA
"10","Alternanthera philoxeroides","CyprusLongList",1,1,NA,1,1,1,1,1,NA,"in carib",NA,NA
"11","Alternanthera sessilis","CyprusLongList",1,NA,NA,1,1,1,1,1,NA,"","Alternanthera sessilis","Y"
"16","Ammannia coccinea","CyprusLongList",1,NA,1,1,1,1,NA,1,NA,"",NA,NA
"19","Andropogon virginicius","EULongList",1,NA,NA,NA,1,1,1,1,NA,"*Af: Hawaii only",NA,NA
"20","Andropogon virginicus","EU_GB_combined",1,NA,NA,NA,1,1,1,1,NA,"*Af: Hawaii only",NA,NA
"23","Artocarpus heterophyllus","EULongList",1,1,1,1,1,1,NA,NA,1,"","Artocarpus heterophyllus","Y"
"25","Austrocylindropuntia subulata","CyprusLongList",NA,1,NA,1,1,NA,NA,1,1,"Mostly Cs, Cw","Austrocylindropuntia subulata","Y"
"26","Azolla filiculoides","CyprusLongList",1,1,1,1,1,1,1,1,NA,"",NA,NA
"27","Azolla mexicana","CyprusLongList",1,1,NA,1,1,1,1,1,1,"","Azolla mexicana","Y"
"28","Baccharis halimifolia","CyprusLongList",NA,NA,NA,1,1,1,1,NA,NA,"seems to be on cuba and bermuda; mainly Cfa-b",NA,NA
"29","Bacopa monnieri","CyprusLongList",1,1,1,1,1,1,1,1,1,"broad range. Mainly americas, tropics and subtropics","Bacopa monnieri","Y"
"30","Bartlettina sordida","EULongList",1,1,NA,1,1,1,1,1,NA,"mainly mexico","Bartlettina sordida","Y"
"31","Begonia cucullata","EULongList",1,1,1,1,1,1,NA,1,NA,"mainly Brazil, S",NA,NA
"32","Berberis glaucocarpa","EULongList",NA,NA,NA,1,1,NA,1,NA,1,"in Cayman?","Berberis glaucocarpa","Y"
"36","Brunfelsia uniflora","EULongList",1,1,1,1,1,1,NA,NA,NA,"","Brunfelsia uniflora","Y"
"37","Buddleja stachyoides","EULongList",NA,NA,1,1,1,1,NA,NA,1,"","Buddleja stachyoides","Y"
"39","Calotropis procera","EULongList",1,NA,1,1,1,NA,NA,1,1,"",NA,NA
"40","Camellia sinensis","EULongList",1,1,NA,1,1,1,NA,1,1,"","Camellia sinensis","Y"
"41","Canavalia cathartica","EULongList",1,NA,NA,1,1,NA,NA,NA,1,"",NA,NA
"42","Cardiospermum grandiflorum","CyprusLongList",1,1,NA,1,1,1,1,1,1,"",NA,NA
"45","Casuarina equisetifolia","EULongList",1,1,1,1,1,1,1,1,NA,"",NA,NA
"47","Cayratia japonica ","EULongList",1,1,NA,1,1,1,NA,1,1,"","Cayratia japonica","Y"
"50","Cenchrus spinifex","CyprusLongList",NA,1,NA,1,1,1,1,1,NA,"","Cenchrus spinifex","Y"
"52","Centrosema virginianum","EULongList",1,1,1,1,1,1,NA,NA,1,"","Centrosema virginianum","Y"
"53","Cestrum aurantiacum","EULongList",NA,1,NA,1,1,1,NA,1,1,"",NA,NA
"54","Cestrum nocturnum","EULongList",1,1,1,1,1,1,1,1,1,"",NA,NA
"55","Chromolaena odorata","CyprusLongList",1,1,1,1,1,1,NA,NA,NA,"","Chromolaena odorata","Y"
"56","Cinnamomum camphora","CyprusLongList",NA,1,NA,NA,1,1,1,1,1,"",NA,NA
"59","Coreopsis lanceolata","EULongList",1,NA,NA,1,1,1,1,1,NA,"",NA,NA
"61","Cortaderia jubata","CyprusLongList",1,1,NA,NA,1,1,1,1,NA,"",NA,NA
"66","Crinum asiaticum","EULongList",1,NA,NA,1,1,1,1,NA,1,"","Crinum asiaticum","Y"
"67","Crotalaria juncea","EULongList",1,NA,1,1,1,1,NA,NA,1,"",NA,NA
"68","Cryptostegia grandiflora","CyprusLongList",1,1,1,1,1,1,NA,NA,1,"",NA,NA
"69","Cuscuta suaveolens","CyprusLongList",NA,NA,1,1,1,1,1,1,NA,"","Cuscuta suaveolens","Y"
"71","Cyperus esculentus","CyprusLongList",NA,1,NA,1,1,1,1,1,1,"",NA,NA
"72","Cyperus michelianus","CyprusLongList",NA,1,NA,1,1,1,1,1,NA,"","Cyperus michelianus","Y"
"73","Debregeasia longifolia","EULongList",1,NA,NA,1,1,1,1,NA,1,"","Debregeasia longifolia","Y"
"74","Delairea odorata","CyprusLongList",1,1,NA,NA,1,1,1,1,NA,"",NA,NA
"75","Digitaria ciliaris","CyprusLongList",1,1,1,1,1,1,1,1,NA,"",NA,NA
"76","Dioscorea bulbifera","EULongList",1,1,NA,1,1,1,NA,NA,1,"",NA,NA
"77","Dioscorea polystachya","EULongList",NA,1,NA,1,1,1,NA,NA,1,"mainly Cfa","Dioscorea polystachya","Y"
"82","Echinodorus cordifolius","EULongList",NA,NA,NA,1,1,1,NA,1,NA,"","Echinodorus berteroi","Y"
"83","Egeria densa","CyprusLongList",1,NA,1,1,1,1,1,1,NA,"",NA,NA
"86","Eichornia crassipes","CyprusLongList",1,1,1,1,1,1,1,1,1,"","Eichornia crassipes","Y"
"88","Eleagnus x ebbingei","CyprusLongList",1,1,NA,1,1,1,1,1,NA,"few tropical cases may be botanical garden records?","Eleagnus x submacrophylla","Y"
"91","Eragrostis pectinacea","CyprusLongList",1,NA,NA,1,1,1,1,1,NA,"","Eragrostis pectinacea","Y"
"92","Erigeron karvinskianus","CyprusLongList",NA,1,NA,1,1,1,1,1,NA,"",NA,NA
"94","Erythrina crista galli","EULongList",1,NA,NA,1,1,1,NA,1,1,"","Erythrina crista-galli","Y"
"103","Gardenia jasminoides","EULongList",1,1,NA,1,1,1,NA,NA,1,"","Gardenia jasminoides","Y"
"105","Gibasis pellucida","EULongList",NA,NA,NA,1,1,1,1,NA,1,"","Gibasis pellucida","Y"
"106","Glandularia peruviana","EULongList",1,NA,NA,1,1,1,1,NA,1,"Mostly Cf","Glandularia peruviana","Y"
"108","Gymnocoronis spilanthoides","EU_GB_combined",NA,1,NA,1,1,1,1,NA,NA,"","Gymnocoronis spilanthoides","Y"
"109","Heimia salicifolia","EULongList",NA,NA,NA,1,1,1,NA,1,1,"",NA,NA
"111","Heliotropium curassavicum","CyprusLongList",1,NA,NA,1,1,1,NA,1,NA,"",NA,NA
"113","Hibiscus mutabilis","EULongList",1,1,1,1,1,1,NA,1,1,"",NA,NA
"114","Homalanthus populifolius","EULongList",1,NA,NA,1,1,1,1,NA,NA,"","Homalanthus populifolius","Y"
"116","Hydrilla verticillata","EULongList",1,NA,NA,1,1,1,1,NA,1,"",NA,NA
"117","Hypericum hypericoides","EULongList",1,NA,NA,1,1,1,NA,NA,NA,"","Hypericum hypericoides","Y"
"121","Imperata cylindrica","EULongList",1,NA,NA,1,1,1,1,1,1,"","Imperata cylindrica","Y"
"122","Iris japonica","EULongList",1,NA,NA,NA,1,1,1,1,1,"*Few af records; botanical gardens at higher alts?","Iris japonica","Y"
"123","Jasminum simplicifolium","EULongList",NA,NA,NA,1,1,1,NA,NA,NA,"","Jasminum simplicifolium","Y"
"125","Kummerowia striata","EULongList",1,NA,NA,1,1,1,NA,1,1,"* from Hawaii","Kummerowia striata","Y"
"127","Leonurus sibiricus","EULongList",1,NA,NA,1,1,1,1,1,1,"","Leonurus japonicus","Y"
"129","Lespedeza cuneata","CyprusLongList",1,NA,NA,1,1,1,1,NA,1,"Lespedeza cuneata; *only tropical record is from Hawaii","Lespedeza cuneata","Y"
"130","Leucaena leucocephala","EULongList",1,1,1,1,1,1,NA,1,1,"",NA,NA
"131","Leucophyllum frutescens","EULongList",1,NA,1,1,1,1,NA,1,NA,"","Leucophyllum frutescens","Y"
"138","Limnobium spongia","CyprusLongList",1,NA,NA,1,1,1,NA,1,NA,"*not many tropical records","Limnobium spongia","Y"
"139","Lindernia dubia","CyprusLongList",NA,1,NA,NA,1,1,1,1,NA,"","Lindernia dubia","Y"
"140","Liriope muscari","EULongList",1,NA,NA,NA,1,1,NA,NA,1,"","Liriope muscari","Y"
"143","Lobelia cardinalis","EULongList",NA,NA,NA,1,1,1,1,NA,NA,"*Mexico only",NA,NA
"148","Lophostemon confertus","EULongList",NA,NA,NA,1,1,1,1,NA,NA,"","Lophostemon confertus","Y"
"149","Ludwigia peploides","CyprusLongList",1,NA,NA,1,1,1,1,1,NA,"","Ludwigia peploides","Y"
"153","Lygodium japonicum","CyprusLongList",NA,1,NA,NA,1,1,NA,NA,1,"",NA,NA
"159","Mallotus philippensis","EULongList",1,1,NA,NA,1,1,NA,NA,1,"","Mallotus philippensis","Y"
"160","Melaleuca quinquenervia","EULongList",1,NA,NA,1,1,1,NA,1,1,"",NA,NA
"162","Micranthemum umbrosum","EULongList",1,NA,NA,1,1,1,NA,NA,1,"","Micranthemum umbrosum","Y"
"163","Microstegium vimineum","CyprusLongList",1,NA,NA,NA,1,1,NA,NA,NA,"*only A Panama Isthmus",NA,NA
"168","Myriophyllum aquaticum","CyprusLongList",1,1,NA,NA,1,1,1,1,NA,"","Myriophyllum aquaticum","Y"
"169","Myriophyllum heterophyllum","CyprusLongList",NA,1,NA,NA,1,1,1,1,1,"",NA,NA
"171","Nasella trichotoma","EU_GB_combined",1,1,NA,1,1,1,1,1,NA,"",NA,NA
"175","Nymphaea odorata","EULongList",1,1,NA,NA,1,1,1,1,1,"",NA,NA
"176","Nymphaea odorata tuberosa","EULongList",1,1,NA,NA,1,1,1,1,1,"","Nymphaea odorata subsp. tuberosa","Y"
"177","Oenothera rosea","CyprusLongList",1,NA,NA,1,1,1,NA,1,1,"*Uncertain, in Mexico and N S Amer.","Oenothera rosea","Y"
"178","Opuntia dillenii","CyprusLongList",1,NA,1,1,1,1,NA,1,NA,"","Opuntia dillenii","Y"
"180","Opuntia humifusa","EULongList",1,NA,NA,1,1,1,1,1,1,"","Opuntia humifusa","Y"
"181","Opuntia maxima","CyprusLongList",1,NA,NA,1,1,1,1,1,1,"Opuntia maxima","Opuntia maxima","Y"
"182","Opuntia monacantha","CyprusLongList",NA,NA,NA,1,1,1,NA,1,1,"","Opuntia monacantha","Y"
"183","Opuntia phaeacantha","CyprusLongList",NA,NA,NA,1,1,1,1,1,1,"",NA,NA
"184","Opuntia stricta","CyprusLongList",1,NA,1,1,1,1,NA,1,NA,"",NA,NA
"186","Oxalis debilis","CyprusLongList",1,1,NA,1,1,1,1,1,NA,"*Most records not in tropics",NA,NA
"187","Parochetus communis","EULongList",NA,1,NA,NA,1,1,NA,NA,1,"","Parochetus communis","Y"
"189","Paspalum urvillei","CyprusLongList",1,1,NA,1,1,1,NA,1,NA,"*Few records from tropics",NA,NA
"190","Passiflora tarminiana","EULongList",1,1,NA,1,1,1,1,1,NA,"","Passiflora tarminiana","Y"
"191","Passiflora tripartita","EULongList",1,NA,NA,NA,1,1,1,NA,1,"","Passiflora tripartita","Y"
"194","Pennisetum setaceum","CyprusLongList",1,NA,NA,1,1,1,1,1,1,"*only in S germany",NA,NA
"197","Phyllostachys aurea","CyprusLongList",NA,1,NA,1,1,1,1,1,NA,"","Phyllostachys bambusoides","Y"
"200","Pinus patula","CyprusLongList",1,NA,NA,1,1,NA,NA,1,1,"","Pinus patula","Y"
"201","Pistia stratiotes","CyprusLongList",1,1,1,1,1,1,1,1,NA,"",NA,NA
"206","Portulaca grandiflora","CyprusLongList",NA,1,1,1,1,1,1,1,1,"",NA,NA
"207","Prosopis juliflora","CyprusLongList",NA,1,1,1,1,NA,NA,NA,NA,"",NA,NA
"208","Prunus campanulata","CyprusLongList",1,NA,NA,1,1,1,NA,NA,NA,"*Hawaii only, possibly philippines","Cerasus campanulata","Y"
"210","Pseudosasa japonica","EULongList",1,NA,NA,NA,1,1,1,1,NA,"*only 1 case in mexico","Pseudosasa japonica","Y"
"211","Pueraria montana","EULongList",1,NA,NA,1,1,1,1,1,1,"",NA,NA
"212","Pueraria montana var. lobata","CyprusLongList",1,NA,NA,1,1,1,1,1,1,"","Pueraria montana var. lobata","Y"
"213","Pyracantha angustifolia","CyprusLongList",1,NA,NA,1,1,1,NA,1,1,"","Pyracantha angustifolia","Y"
"214","Pyracantha koidzumii","EULongList",1,NA,NA,1,1,1,NA,1,NA,"",NA,NA
"215","Rhaphiolepis indica","EULongList",NA,NA,NA,1,1,1,NA,1,1,"","Rhaphiolepis indica","Y"
"220","Rubus rosifolius","CyprusLongList",1,1,NA,1,1,1,1,NA,1,"",NA,NA
"221","Sagittaria montevidensis","EULongList",NA,1,NA,1,1,1,NA,1,1,"",NA,NA
"222","Salix nigra","EULongList",NA,NA,NA,1,1,1,1,1,NA,"","Salix nigra","Y"
"223","Salvinia molesta","CyprusLongList",1,NA,NA,1,1,1,1,1,NA,"","Salvinia molesta","Y"
"229","Senna obtusifolia","CyprusLongList",1,1,1,1,1,1,NA,NA,NA,"","Senna obtusifolia","Y"
"238","Sorghum halepense ","EULongList",NA,NA,NA,1,1,1,1,1,NA,"Sorghum halepense ",NA,NA
"239","Spartina alterniflora","EULongList",1,1,NA,NA,1,1,1,1,NA,"",NA,NA
"240","Sphagneticola trilobata","CyprusLongList",1,1,1,1,1,1,NA,1,NA,"Sphagneticola trilobata",NA,NA
"245","Sporobolus indicus","CyprusLongList",1,1,1,1,1,1,1,NA,NA,"","Sporobolus indicus","Y"
"250","Syagrus romanzoffiana","EULongList",1,NA,NA,1,1,1,NA,1,NA,"",NA,NA
"252","Teline monspeliensis","CyprusLongList",1,NA,NA,1,1,1,1,1,1,"","Genista monspessulana","Y"
"253","Tillandsia usneoides","EULongList",1,1,1,1,1,1,NA,NA,NA,"","Tillandsia usneoides","Y"
"254","Tillandsia usneoides","EULongList",1,1,1,1,1,1,NA,NA,NA,"","Tillandsia usneoides","Y"
"255","Tillandsia usneoides","EULongList",1,1,1,1,1,1,NA,NA,NA,"","Tillandsia usneoides","Y"
"256","Tillandsia usneoides","EULongList",1,1,1,1,1,1,NA,NA,NA,"","Tillandsia usneoides","Y"
"259","Tradescantia fluminensis","CyprusLongList",NA,NA,NA,1,1,1,1,1,1,"",NA,NA
"260","Trapa natans","CyprusLongList",NA,1,NA,1,1,1,1,1,NA,"","Trapa natans","Y"
"262","Tripsacum dactyloides","EULongList",1,1,NA,1,1,1,NA,1,1,"","Tripsacum dactyloides","Y"
"264","Verbesina encelioides","EULongList",1,NA,NA,1,1,1,1,1,1,"","Verbesina encelioides","Y"
"267","Vitex negundo","EULongList",1,NA,NA,1,1,1,1,1,1,"","Vitex negundo","Y"
"269","Zantedeschia aethiopica","CyprusLongList",1,1,NA,1,1,1,1,1,1,"",NA,NA
"3","Acaena novae-zelandiae","EULongList",NA,NA,NA,NA,NA,1,1,1,NA,"UK, NZ, SE Austr., Calif.",NA,NA
"4","Acer rufinerve","CyprusLongList",NA,NA,NA,NA,NA,1,1,1,NA,"",NA,NA
"5","Acer spicatum","EULongList",NA,NA,NA,NA,NA,NA,1,NA,NA,"Mainly Northern N America",NA,NA
"6","Actinidia arguta","EULongList",NA,NA,NA,NA,NA,1,1,1,1,"",NA,NA
"7","Actinidia polygama","EULongList",NA,NA,NA,NA,NA,1,NA,NA,NA,"mainly Japan",NA,NA
"8","Akebia quinata","CyprusLongList",NA,NA,NA,NA,NA,1,1,1,NA,"",NA,NA
"12","Amaranthus muricatus","CyprusLongList",NA,NA,NA,NA,NA,1,1,1,1,"Not in tropical regions, 1 case in Mexico",NA,NA
"13","Amaranthus powellii","CyprusLongList",NA,NA,NA,NA,NA,1,1,1,1,"",NA,NA
"14","Ambrosia artemiisifolia","CyprusLongList",NA,NA,NA,NA,NA,1,1,1,NA,"primarily cf",NA,NA
"15","Amelanchier spicata","CyprusLongList",NA,NA,NA,NA,NA,NA,1,NA,NA,"",NA,NA
"17","Amorpha fruticosa","CyprusLongList",NA,NA,NA,NA,NA,1,1,1,NA,"",NA,NA
"18","Ampelopsis glandulosa","EULongList",NA,NA,NA,NA,NA,1,1,NA,NA,"",NA,NA
"21","Araujia sericifera","CyprusLongList",NA,NA,NA,NA,NA,1,1,1,1,"",NA,NA
"22","Arctotheca calendula","CyprusLongList",NA,NA,NA,NA,NA,NA,1,1,NA,"",NA,NA
"24","Atriplex nummularia","CyprusLongList",NA,NA,NA,NA,NA,1,NA,1,1,"",NA,NA
"33","Berberis thunbergii","CyprusLongList",NA,NA,NA,NA,NA,1,1,NA,NA,"N Namerica, N Europe (Scand, E)",NA,NA
"34","Boltonia asteroides","EULongList",NA,NA,NA,NA,NA,1,1,1,NA,"",NA,NA
"35","Brachychiton acerifolius","EULongList",NA,NA,NA,NA,NA,1,1,1,NA,"",NA,NA
"38","Callicarpa japonica","EULongList",NA,NA,NA,NA,NA,1,NA,NA,NA,"",NA,NA
"43","Carpinus caroliniana","EULongList",NA,NA,NA,NA,NA,1,1,NA,1,"Mexico, but no Aw",NA,NA
"44","Carpobrotus chilensis","EULongList",NA,NA,NA,NA,NA,1,1,1,NA,"",NA,NA
"46","Casuarina glauca","EULongList",NA,NA,NA,NA,NA,1,1,1,NA,"",NA,NA
"48","Celastrus orbiculatus","CyprusLongList",NA,NA,NA,NA,NA,1,1,NA,NA,"",NA,NA
"49","Celastrus scandens","EULongList",NA,NA,NA,NA,NA,1,1,NA,NA,"",NA,NA
"51","Centranthus macrosiphon","CyprusLongList",NA,NA,NA,NA,NA,1,1,1,NA,"",NA,NA
"57","Clematis paniculata","EULongList",NA,NA,NA,NA,NA,1,1,NA,NA,"",NA,NA
"58","Clematis terniflora","CyprusLongList",NA,NA,NA,NA,NA,1,NA,NA,NA,"",NA,NA
"60","Cornus sericea","EULongList",NA,NA,NA,NA,NA,1,1,1,NA,"",NA,NA
"62","Cotoneaster horizontalis","CyprusLongList",NA,NA,NA,NA,NA,1,1,NA,NA,"",NA,NA
"63","Cotoneaster lacteus","CyprusLongList",NA,NA,NA,NA,NA,1,1,1,NA,"",NA,NA
"64","Cotula australis","CyprusLongList",NA,NA,NA,NA,NA,1,1,1,NA,"",NA,NA
"65","Cotula coronopifolia","CyprusLongList",NA,NA,NA,NA,NA,1,1,1,NA,"",NA,NA
"70","Cyperus eragrostis","EULongList",NA,NA,NA,NA,NA,1,1,1,NA,"",NA,NA
"78","Diospyros lotus","CyprusLongList",NA,NA,NA,NA,NA,1,1,1,1,"",NA,NA
"79","Diospyros virginiana","EULongList",NA,NA,NA,NA,NA,1,1,1,NA,"",NA,NA
"80","Dysphania multifida","CyprusLongList",NA,NA,NA,NA,NA,1,1,1,1,"",NA,NA
"81","Echinocystis lobata","EULongList",NA,NA,NA,NA,NA,1,1,1,NA,"",NA,NA
"84","Ehrharta calycina","CyprusLongList",NA,NA,NA,NA,NA,1,1,1,NA,"",NA,NA
"85","Ehrharta villosa","EULongList",NA,NA,NA,NA,NA,1,1,1,1,"",NA,NA
"87","Elaeagnus umbellata","EULongList",NA,NA,NA,NA,NA,1,1,NA,1,"",NA,NA
"89","Elodea canadensis","CyprusLongList",NA,NA,NA,NA,NA,1,1,1,NA,"",NA,NA
"90","Embothrium coccineum","EULongList",NA,NA,NA,NA,NA,1,1,NA,NA,"mainly cfb",NA,NA
"93","Eriochloa villosa","EULongList",NA,NA,NA,NA,NA,1,1,NA,1,"",NA,NA
"95","Euonymus fortunei","CyprusLongList",NA,NA,NA,NA,NA,1,1,NA,1,"",NA,NA
"96","Euonymus japonicus","CyprusLongList",NA,NA,NA,NA,NA,1,1,1,1,"",NA,NA
"97","Fallopia baldschuanica","EULongList",NA,NA,NA,NA,NA,1,1,1,NA,"",NA,NA
"98","Ficus erecta","EULongList",NA,NA,NA,NA,NA,1,NA,NA,1,"",NA,NA
"99","Firmiana simplex","EULongList",NA,NA,NA,NA,NA,1,NA,1,1,"",NA,NA
"100","Fraxinus nigra","EULongList",NA,NA,NA,NA,NA,1,NA,1,NA,"*1 cs record, prob from gibraltar",NA,NA
"101","Fraxinus pennsylvannica","CyprusLongList",NA,NA,NA,NA,NA,1,1,NA,1,"*1 cw record from S Africa",NA,NA
"102","Freesia alba","CyprusLongList",NA,NA,NA,NA,NA,1,1,1,NA,"",NA,NA
"104","Geranium thunbergii","EULongList",NA,NA,NA,NA,NA,1,NA,1,NA,"* 1 cs record from Sicily",NA,NA
"107","Gunnera tinctoria","EULongList",NA,NA,NA,NA,NA,1,1,1,NA,"",NA,NA
"110","Helianthus angustifolius","EULongList",NA,NA,NA,NA,NA,1,NA,1,NA,"",NA,NA
"112","Herbertia lahue","EULongList",NA,NA,NA,NA,NA,1,NA,1,1,"",NA,NA
"115","Houttuynia cordata","EULongList",NA,NA,NA,NA,NA,1,1,1,1,"",NA,NA
"118","Ilex crenata","EULongList",NA,NA,NA,NA,NA,1,1,1,1,"",NA,NA
"119","Impatiens balfourii","CyprusLongList",NA,NA,NA,NA,NA,1,1,1,1,"",NA,NA
"120","Impatiens glandulifera","CyprusLongList",NA,NA,NA,NA,NA,1,1,NA,NA,"",NA,NA
"124","Kummerowia stipulacea","EULongList",NA,NA,NA,NA,NA,1,NA,NA,1,"",NA,NA
"126","Lagarosiphon major","CyprusLongList",NA,NA,NA,NA,NA,1,1,NA,1,"",NA,NA
"128","Lepidium coronopus","CyprusLongList",NA,NA,NA,NA,NA,NA,1,1,NA,"",NA,NA
"132","Ligustrum lucidum","EULongList",NA,NA,NA,NA,NA,1,1,1,NA,"",NA,NA
"133","Ligustrum obtusifolium","EULongList",NA,NA,NA,NA,NA,1,1,NA,NA,"",NA,NA
"134","Ligustrum ovalifolium","CyprusLongList",NA,NA,NA,NA,NA,1,1,1,NA,"",NA,NA
"135","Ligustrum sinense","CyprusLongList",NA,NA,NA,NA,NA,1,1,1,NA,"",NA,NA
"136","Ligustrum tschonoskii","EULongList",NA,NA,NA,NA,NA,1,NA,1,NA,"",NA,NA
"137","Lilium formosanum","EULongList",NA,NA,NA,NA,NA,1,NA,NA,1,"",NA,NA
"141","Liriope spicata","EULongList",NA,NA,NA,NA,NA,1,NA,NA,1,"",NA,NA
"142","Livistona australis","EULongList",NA,NA,NA,NA,NA,1,1,1,NA,"",NA,NA
"144","Lonicera japonica","EULongList",NA,NA,NA,NA,NA,1,1,1,NA,"",NA,NA
"145","Lonicera maackii","CyprusLongList",NA,NA,NA,NA,NA,1,1,1,NA,"",NA,NA
"146","Lonicera morrowii","CyprusLongList",NA,NA,NA,NA,NA,1,1,NA,NA,"",NA,NA
"147","Lonicera nitida","EULongList",NA,NA,NA,NA,NA,NA,1,NA,1,"",NA,NA
"150","Lupinus arboreus","CyprusLongList",NA,NA,NA,NA,NA,NA,1,1,NA,"",NA,NA
"151","Lycium barbarum","CyprusLongList",NA,NA,NA,NA,NA,1,1,1,NA,"",NA,NA
"152","Lycoris radiata","EULongList",NA,NA,NA,NA,NA,1,1,1,NA,"",NA,NA
"154","Maackia amurensis","EULongList",NA,NA,NA,NA,NA,1,1,NA,NA,"",NA,NA
"155","Magnolia kobus","EULongList",NA,NA,NA,NA,NA,1,1,1,NA,"",NA,NA
"156","Magnolia kobus","EULongList",NA,NA,NA,NA,NA,NA,NA,NA,NA,"",NA,NA
"157","Magnolia obovata","EULongList",NA,NA,NA,NA,NA,1,1,1,NA,"",NA,NA
"158","Malephora purpuro-crocera","CyprusLongList",NA,NA,NA,NA,NA,NA,NA,1,NA,"",NA,NA
"161","Mesembryanthemum crystallinum","EULongList",NA,NA,NA,NA,NA,1,1,1,NA,"",NA,NA
"164","Mimosa pudica","CyprusLongList",NA,NA,NA,NA,NA,NA,NA,NA,NA,"",NA,NA
"165","Miscanthus sinensis","EULongList",NA,NA,NA,NA,NA,1,1,NA,1,"",NA,NA
"166","Monarda punctata","EULongList",NA,NA,NA,NA,NA,1,NA,NA,NA,"",NA,NA
"167","Myrica rubra","EULongList",NA,NA,NA,NA,NA,1,NA,NA,1,"",NA,NA
"170","Nandina domestica","EULongList",NA,NA,NA,NA,NA,1,1,1,1,"",NA,NA
"172","Nassella neesiana","CyprusLongList",NA,NA,NA,NA,NA,1,1,1,NA,"Nassella neesiana",NA,NA
"173","Nassella trichotoma","CyprusLongList",NA,NA,NA,NA,NA,NA,NA,NA,NA,"",NA,NA
"174","Nothoscordum bivalve","EULongList",NA,NA,NA,NA,NA,1,NA,NA,1,"Nothoscordum bivalve",NA,NA
"179","Opuntia engelmanii","CyprusLongList",NA,NA,NA,NA,NA,1,NA,1,NA,"",NA,NA
"185","Osmanthus heterophyllus","EULongList",NA,NA,NA,NA,NA,1,1,1,NA,"",NA,NA
"188","Parthenocissus quinquefolia","CyprusLongList",NA,NA,NA,NA,NA,1,1,NA,NA,"",NA,NA
"192","Pauwlonia tomentosa","EULongList",NA,NA,NA,NA,NA,1,1,1,1,"",NA,NA
"193","Pavonia hastata","EULongList",NA,NA,NA,NA,NA,1,1,1,1,"",NA,NA
"195","Persicaria perfoliata","CyprusLongList",NA,NA,NA,NA,NA,1,NA,1,NA,"",NA,NA
"196","Persicaria wallichii","EULongList",NA,NA,NA,NA,NA,1,1,1,1,"Persicaria wallichii",NA,NA
"198","Phytolacca americana","EULongList",NA,NA,NA,NA,NA,1,1,1,NA,"",NA,NA
"199","Pinellia ternata","EULongList",NA,NA,NA,NA,NA,1,NA,1,1,"",NA,NA
"202","Plantago rugelii","EULongList",NA,NA,NA,NA,NA,1,NA,NA,NA,"",NA,NA
"203","Plectranthus ciliatus","EULongList",NA,NA,NA,NA,NA,1,1,1,1,"",NA,NA
"204","Plectranthus ecklonii","EULongList",NA,NA,NA,NA,NA,1,1,1,1,"",NA,NA
"205","Pluchea sericea","CyprusLongList",NA,NA,NA,NA,NA,NA,NA,1,NA,"",NA,NA
"209","Prunus munsoniana","EULongList",NA,NA,NA,NA,NA,1,NA,1,NA,"",NA,NA
"216","Rhododendron japonicum","EULongList",NA,NA,NA,NA,NA,1,1,1,NA,"",NA,NA
"217","Robinia hispida","CyprusLongList",NA,NA,NA,NA,NA,1,1,1,1,"",NA,NA
"218","Rosa mutliflora","EULongList",NA,NA,NA,NA,NA,1,1,1,NA,"",NA,NA
"219","Rubus armeniacus","EULongList",NA,NA,NA,NA,NA,1,1,1,NA,"Rubus armeniacus",NA,NA
"224","Salvinia molesta","EULongList",NA,NA,NA,NA,NA,NA,NA,NA,NA,"*Salvinia_molesta","Salvinia molesta","Y"
"225","Saururus cernuus","CyprusLongList",NA,NA,NA,NA,NA,1,1,1,NA,"",NA,NA
"226","Schismus barbatus","CyprusLongList",NA,NA,NA,NA,NA,1,1,1,NA,"",NA,NA
"227","Senecio angulatus","CyprusLongList",NA,NA,NA,NA,NA,1,1,1,NA,"",NA,NA
"228","Senecio inaequidens","CyprusLongList",NA,NA,NA,NA,NA,1,1,1,1,"",NA,NA
"230","Sisyrinchium atlanticum","EULongList",NA,NA,NA,NA,NA,1,NA,NA,NA,"",NA,NA
"231","Solanum linnaeanum","CyprusLongList",NA,NA,NA,NA,NA,1,1,1,NA,"",NA,NA
"232","Solanum physalifolium","CyprusLongList",NA,NA,NA,NA,NA,1,1,1,NA,"",NA,NA
"233","Solidago altissima","EULongList",NA,NA,NA,NA,NA,1,1,1,NA,"",NA,NA
"234","Solidago nemoralis","CyprusLongList",NA,NA,NA,NA,NA,1,1,NA,NA,"",NA,NA
"235","Solidago nemoralis","EU_GB_combined",NA,NA,NA,NA,NA,1,1,NA,NA,"",NA,NA
"236","Solidago ptarmicoides","EULongList",NA,NA,NA,NA,NA,1,NA,NA,NA,"",NA,NA
"237","Sorbus alnifolia","EULongList",NA,NA,NA,NA,NA,1,NA,NA,NA,"",NA,NA
"241","Spiraea alba","EULongList",NA,NA,NA,NA,NA,1,NA,NA,NA,"",NA,NA
"242","Spiraea japonica","EULongList",NA,NA,NA,NA,NA,1,1,NA,1,"",NA,NA
"243","Spiraea prunifolia","EULongList",NA,NA,NA,NA,NA,1,1,1,NA,"",NA,NA
"244","Spiraea tomentosa","EULongList",NA,NA,NA,NA,NA,1,1,1,NA,"",NA,NA
"246","Stipa neesiana","EULongList",NA,NA,NA,NA,NA,1,1,1,NA,"",NA,NA
"247","Stipa tenuissima","EULongList",NA,NA,NA,NA,NA,1,1,1,NA,"",NA,NA
"248","Stipa trichotoma","EULongList",NA,NA,NA,NA,NA,1,1,NA,NA,"",NA,NA
"249","Styrax japonicus","EULongList",NA,NA,NA,NA,NA,1,1,NA,NA,"",NA,NA
"251","Tamarix ramosissima","CyprusLongList",NA,NA,NA,NA,NA,1,1,1,NA,"",NA,NA
"257","Toxicodendron radicans","EULongList",NA,NA,NA,NA,NA,1,1,NA,NA,"",NA,NA
"258","Trachycarpus fortunei","EULongList",NA,NA,NA,NA,NA,1,1,1,1,"",NA,NA
"261","Triadica sebifera","CyprusLongList",NA,NA,NA,NA,NA,1,NA,1,1,"Triadica sebifera",NA,NA
"263","Ugni molinae","EULongList",NA,NA,NA,NA,NA,1,1,NA,NA,"",NA,NA
"265","Viburnum plicatum","EULongList",NA,NA,NA,NA,NA,1,1,1,NA,"",NA,NA
"266","Vincetoxicum rossicum","EULongList",NA,NA,NA,NA,NA,NA,1,NA,NA,"Vincetoxicum rossicum",NA,NA
"268","Westringia fruticosa","EULongList",NA,NA,NA,NA,NA,1,1,1,NA,"",NA,NA
"270","Zelkova serrata","EULongList",NA,NA,NA,NA,NA,1,1,1,NA,"",NA,NA
"271","Zostera japonica","CyprusLongList",NA,NA,NA,NA,NA,1,1,1,NA,"",NA,NA
